q,thr,cov,wrong,wrong_cp95ub,sys_delta
0.0,0.2816447224966853,1.0,0.03076923076923077,0.09370678347465346,0.18486648800053368
0.05,0.3663174170882297,0.9384615384615385,0.01639344262295082,0.0754220320305016,0.18619627609182304
0.1,0.41163166261061623,0.8923076923076924,0.017241379310344827,0.07919781050002477,0.16832498213234576
0.15000000000000002,0.49631539164858907,0.8461538461538461,0.01818181818181818,0.08337134225089449,0.16094652481277008
0.2,0.5201898398446462,0.8,0.019230769230769232,0.08800893075719356,0.14953715153424363
0.25,0.5292388764108431,0.7538461538461538,0.02040816326530612,0.0931924714342012,0.1394361304033457
0.30000000000000004,0.5518807200556234,0.6923076923076923,0.022222222222222223,0.10113378359391359,0.13019959213774274
0.35000000000000003,0.5706445750944557,0.6461538461538462,0.023809523809523808,0.10803769616121207,0.1220996225258258
0.4,0.5892354744939138,0.6,0.02564102564102564,0.1159521487579241,0.1086706267487064
0.45,0.5946482741581863,0.5538461538461539,0.027777777777777776,0.12511620483905223,0.10192876220478944
0.5,0.6117368913284345,0.5076923076923077,0.030303030303030304,0.13585064679854747,0.08880154626915886
0.55,0.6336865720884027,0.4461538461538462,0.034482758620689655,0.1533920245261827,0.06858791242854252
0.6000000000000001,0.6566207915022494,0.4,0.038461538461538464,0.16983122300038342,0.06078678545903899
0.65,0.6668300579261776,0.35384615384615387,0.043478260869565216,0.19020396669201167,0.0453186718643251
0.7000000000000001,0.6826889270706812,0.3076923076923077,0.05,0.2161061642068473,0.032695594205276506
0.75,0.7530362335048393,0.26153846153846155,0.058823529411764705,0.2501244518664762,0.02353960092713911
0.8,0.7646337962685084,0.2,0.07692307692307693,0.31633976476272974,0.018564866073734868
0.8500000000000001,0.7756358043951136,0.15384615384615385,0.1,0.39416330243650466,0.014895553983561169
0.9,0.7873375698590925,0.1076923076923077,0.14285714285714285,0.5207029735913071,0.008161077235360397
