key,patient,raw45,teach45,rectnet45,pairloc45,agree_p_pl,agree_p_rect,oracle_dep45,argmax
patient64545_study1_view1_frontal,patient64545,0.03264508928571429,0.4,0.2598282873926796,0.5857142857142857,0.594926997355029,1.0,0.5857142857142857,pairloc
patient64548_study1_view1_frontal,patient64548,0.026307397959183673,0.2702702702702703,0.0,0.026307397959183673,1.0,1.0,0.026307397959183673,raw
patient64552_study1_view1_frontal,patient64552,0.03443877551020408,0.4729064039408867,0.08661654135338345,0.5,0.3998293617120188,0.4492215207806434,0.5,pairloc
patient64571_study1_view1_frontal,patient64571,0.032525510204081634,0.12761964341570223,0.0,0.032525510204081634,1.0,1.0,0.032525510204081634,raw
patient64577_study1_view1_frontal,patient64577,0.04456313775510204,0.4981132075471698,0.08248357126671199,0.3471698113207547,0.5059646499889269,0.34804246855394894,0.3471698113207547,pairloc
patient64580_study1_view1_frontal,patient64580,0.12009725765306123,0.4390942572636748,0.07922168172341904,0.7182455071580871,0.7002494652697915,0.3060887044152808,0.7182455071580871,pairloc
patient64596_study1_view1_frontal,patient64596,0.03559470663265306,0.13977695167286244,0.03559470663265306,0.03559470663265306,1.0,1.0,0.03559470663265306,raw
patient64603_study1_view1_frontal,patient64603,0.08627630739795919,0.37999537999538,0.0,0.22789783889980353,0.7572259930758017,0.5736503565449558,0.22789783889980353,pairloc
patient64609_study1_view1_frontal,patient64609,0.015605070153061224,0.0,0.0,0.015605070153061224,1.0,0.7571462736880467,0.015605070153061224,raw
patient64613_study1_view1_frontal,patient64613,0.012177136479591837,0.2030574941841143,0.0,0.012177136479591837,1.0,1.0,0.012177136479591837,raw
patient64614_study1_view1_frontal,patient64614,0.029894770408163265,0.3067047075606277,0.029914529914529916,0.2560646900269542,1.0,1.0,0.2560646900269542,pairloc
patient64620_study1_view1_frontal,patient64620,0.13044084821428573,0.4793608521970706,0.41254333438386387,0.1880137498131819,0.3657531114190651,1.0,0.41254333438386387,rectnet
patient64623_study1_view1_frontal,patient64623,0.09689891581632654,0.2640611299010397,0.0,0.248074584515606,0.5738040330519476,0.5756634401899658,0.248074584515606,pairloc
patient64630_study1_view1_frontal,patient64630,0.054368622448979595,0.45627376425855515,0.06410979507426208,0.054368622448979595,1.0,0.4158846866866203,0.06410979507426208,rectnet
patient64631_study1_view1_frontal,patient64631,0.040118781887755105,0.2747747747747748,0.040118781887755105,0.5409491810163797,1.0,1.0,0.5409491810163797,pairloc
patient64633_study1_view1_frontal,patient64633,0.12419146183699871,0.1480548558634201,0.013069647463456577,0.0,0.48447875321532025,0.29967478304160666,0.12419146183699871,raw
patient64636_study1_view1_frontal,patient64636,0.0975765306122449,0.08916464116668799,0.004103967168262654,0.0975765306122449,0.7571462736880467,0.7571462736880467,0.0975765306122449,raw
patient64639_study1_view1_frontal,patient64639,0.0728476821192053,0.3772472737989979,0.0548072457036693,0.2884452715276603,0.6583244650015087,0.3302060232691152,0.2884452715276603,pairloc
patient64640_study1_view1_frontal,patient64640,0.02810108418367347,0.20808736717827628,0.054637865311308764,0.31486880466472306,0.49464409272321447,0.5637093415233423,0.31486880466472306,pairloc
patient64643_study1_view1_frontal,patient64643,0.0,0.028683181225554105,0.01639344262295082,0.013043478260869565,0.5956647389973566,0.48854253965634103,0.01639344262295082,rectnet
patient64644_study1_view1_frontal,patient64644,0.024394132653061226,0.36168787675820496,0.0,0.1111111111111111,0.757151967930029,1.0,0.1111111111111111,pairloc
patient64645_study1_view1_frontal,patient64645,0.027981505102040817,0.28448275862068967,0.004763649688530597,0.375,0.6539438787560302,0.5590062821314593,0.375,pairloc
patient64646_study1_view1_frontal,patient64646,0.0,0.1655710764174199,0.0,0.34444444444444444,0.7571861333819241,0.5594219514203614,0.34444444444444444,pairloc
patient64649_study1_view1_frontal,patient64649,0.16195372750642673,0.5668711656441717,0.24363519174991943,0.4472049689440994,1.0,0.4230700372879904,0.4472049689440994,pairloc
patient64650_study1_view1_frontal,patient64650,0.034080038265306124,0.2289855072463768,0.07783340919435594,0.3919239904988123,0.8473020447437113,0.30779585904908124,0.3919239904988123,pairloc
patient64654_study1_view1_frontal,patient64654,0.03005420918367347,0.14325068870523416,0.03005420918367347,0.03005420918367347,1.0,1.0,0.03005420918367347,raw
patient64655_study1_view1_frontal,patient64655,0.007792570153061225,0.05408583186360964,0.0,0.007792570153061225,1.0,1.0,0.007792570153061225,raw
patient64660_study1_view1_frontal,patient64660,0.044244260204081634,0.33055390113162597,0.13020319589662654,0.6327543424317618,0.5737040440423865,0.5807874322245317,0.6327543424317618,pairloc
patient64667_study1_view1_frontal,patient64667,0.0,0.11846447802675004,0.03216374269005848,0.11445527766002543,0.7571576621720116,0.38777844200508466,0.11445527766002543,pairloc
patient64670_study1_view1_frontal,patient64670,0.0,0.4712965555866704,0.0,0.128686327077748,1.0,0.4018346255359009,0.128686327077748,pairloc
patient64673_study1_view1_frontal,patient64673,0.0,0.08623853211009175,0.0,0.014987244897959183,1.0,1.0,0.014987244897959183,pairloc
patient64674_study1_view1_frontal,patient64674,0.024115114795918366,0.09054852952181397,0.0,0.024115114795918366,1.0,1.0,0.024115114795918366,raw
patient64678_study1_view1_frontal,patient64678,0.05217633928571429,0.45095095095095095,0.30440212300967845,0.37410071942446044,0.4447634881849344,0.27525827043707224,0.37410071942446044,pairloc
patient64682_study1_view1_frontal,patient64682,0.0244140625,0.0,0.04253056884635832,0.0244140625,0.7571519679300291,0.547872757734046,0.04253056884635832,rectnet
patient64683_study1_view1_frontal,patient64683,0.0,0.1045874700445053,0.04499926351450877,0.024354272959183673,0.7571690506559767,0.2818087733979082,0.04499926351450877,rectnet
patient64684_study1_view1_frontal,patient64684,0.09183673469387756,0.6052009456264775,0.0,0.28125,0.57022710495339,0.31672530913820196,0.28125,pairloc
patient64688_study1_view1_frontal,patient64688,0.05153099327856609,0.04874651810584958,0.030309685921370524,0.11033099297893681,0.7768135374051504,0.46045069819711676,0.11033099297893681,pairloc
patient64689_study1_view1_frontal,patient64689,0.0,0.12691377921031427,0.3923076923076923,0.012555803571428572,0.7571519679300291,0.2979231188306169,0.3923076923076923,rectnet
patient64690_study1_view1_frontal,patient64690,0.07694913903061225,0.6520450503852994,0.0,0.2801255735329631,0.7571747448979592,0.5690870417274929,0.2801255735329631,pairloc
patient64691_study1_view1_frontal,patient64691,0.0,0.4455840455840456,0.08314749920356801,0.0311702806122449,0.7571462736880467,0.4237295707010221,0.08314749920356801,rectnet
patient64692_study1_view1_frontal,patient64692,0.0,0.17147117296222664,0.0,0.0872093023255814,0.5755275260210384,0.26574207000528277,0.0872093023255814,pairloc
patient64694_study1_view1_frontal,patient64694,0.06796077806122448,0.025951557093425604,0.06796077806122448,0.034058448692595035,0.7571519679300291,0.7571462736880467,0.06796077806122448,raw
patient64702_study1_view1_frontal,patient64702,0.0,0.3742937853107345,0.0,0.05221619897959184,1.0,0.7571462736880467,0.05221619897959184,pairloc
patient64711_study1_view1_frontal,patient64711,0.03419961734693878,0.3634085213032581,0.07061790668348046,0.43484626647144947,0.42558240436843453,0.3990395754004071,0.43484626647144947,pairloc
patient64715_study1_view1_frontal,patient64715,0.184654840777944,0.5016061867935753,0.24580730023018743,0.22100610397810988,0.7843811178092975,0.5223442696408882,0.24580730023018743,rectnet
patient64718_study1_view1_frontal,patient64718,0.014229910714285714,0.0,0.0,0.0,1.0,0.3545136644201399,0.014229910714285714,raw
patient64720_study1_view1_frontal,patient64720,0.0,0.06681657565049791,0.0,0.012436224489795918,1.0,0.42816429991661936,0.012436224489795918,pairloc
patient64722_study1_view1_frontal,patient64722,0.042091836734693876,0.3679442508710801,0.13840434658278525,0.33229085222830335,0.7571462736880467,0.7571462736880467,0.33229085222830335,pairloc
patient64725_study1_view1_frontal,patient64725,0.02947624362244898,0.19754768392370572,0.0,0.02947624362244898,1.0,0.5643844228326554,0.02947624362244898,raw
patient64740_study1_view1_frontal,patient64740,0.0,0.08681672025723473,0.0,0.029017857142857144,1.0,0.43160068084088415,0.029017857142857144,pairloc
