tag,variant,key,patient,disp_px,raw45,pairloc45,rectnet45
cardi,digital,patient64541_study1_view1_frontal,patient64541,0.21987171471118927,0.17316017316017315,0.09937888198757763,0.10531194956892556
cardi,digital,patient64546_study1_view1_frontal,patient64546,0.09902473539113998,0.1459512578616352,0.19233359233359235,0.08724154135338345
cardi,digital,patient64548_study1_view1_frontal,patient64548,1.2144739627838135,0.24904386951631047,0.4812846068660022,0.10526781761841522
cardi,digital,patient64549_study1_view1_frontal,patient64549,0.1359027475118637,0.4137487953742371,0.40788177339901477,0.11891221176713887
cardi,digital,patient64552_study1_view1_frontal,patient64552,0.14354775846004486,0.23,0.6760918253079508,0.13690476190476192
cardi,digital,patient64553_study1_view1_frontal,patient64553,0.2637231945991516,0.09752059441124213,0.07029749083076206,0.08772885789014821
cardi,digital,patient64564_study1_view1_frontal,patient64564,0.381530225276947,0.09282525510204082,0.08438659554730983,0.1592310772927513
cardi,digital,patient64565_study1_view1_frontal,patient64565,0.268271267414093,0.3056963912913809,0.3520025031289111,0.2152080344332855
cardi,digital,patient64569_study1_view1_frontal,patient64569,0.5971170663833618,0.30648429584599796,0.2561819980217606,0.4896860986547085
cardi,digital,patient64572_study1_view1_frontal,patient64572,0.20825672149658203,0.008014516860728868,0.007263258873509661,0.0
cardi,digital,patient64580_study1_view1_frontal,patient64580,0.2635992467403412,0.48380427291523087,0.5148137283660897,0.3685092127303183
cardi,digital,patient64585_study1_view1_frontal,patient64585,0.15272310376167297,0.14389582202930004,0.12710805746408493,0.14453980467593963
cardi,digital,patient64592_study1_view1_frontal,patient64592,0.21168017387390137,0.5260685767966181,0.5679322661727741,0.3773806035745678
cardi,digital,patient64596_study1_view1_frontal,patient64596,0.14926797151565552,0.34314941103533786,0.29375082924240414,0.0
cardi,digital,patient64603_study1_view1_frontal,patient64603,0.1445627510547638,0.20234189023997942,0.38193548387096776,0.27421916357861303
cardi,digital,patient64606_study1_view1_frontal,patient64606,0.13722573220729828,0.6088416340235031,0.6992106356460324,0.6241258741258742
cardi,digital,patient64609_study1_view1_frontal,patient64609,0.1568087488412857,0.2719946272666219,0.18391660461653014,0.4389195825659914
cardi,digital,patient64610_study1_view1_frontal,patient64610,0.1427547186613083,0.48465635303068727,0.5705045278137129,0.4447284345047923
cardi,digital,patient64611_study1_view1_frontal,patient64611,0.41039156913757324,0.08035714285714286,0.0782312925170068,0.0809994968975348
cardi,digital,patient64612_study1_view1_frontal,patient64612,0.16256140172481537,0.08379183860614398,0.12930941896681344,0.1411502100840336
cardi,digital,patient64617_study1_view1_frontal,patient64617,0.14900828897953033,0.3826472450918303,0.26896106292673927,0.019417475728155338
cardi,digital,patient64621_study1_view1_frontal,patient64621,0.1634051352739334,0.44783983140147526,0.46548392763042334,0.2273081924577373
cardi,digital,patient64622_study1_view1_frontal,patient64622,0.24846826493740082,0.2618253189401374,0.27629168193477466,0.153998584571833
cardi,digital,patient64623_study1_view1_frontal,patient64623,0.1288202404975891,0.4230208839242351,0.3173729356036359,0.1390532544378698
cardi,digital,patient64624_study1_view1_frontal,patient64624,0.2644169330596924,0.3519150549867273,0.3755221386800334,0.460788297440065
cardi,digital,patient64626_study1_view1_frontal,patient64626,0.16701124608516693,0.453335832083958,0.4642431466030989,0.35813445640305724
cardi,digital,patient64630_study1_view1_frontal,patient64630,0.25599929690361023,0.3733451015004413,0.3685202639019793,0.20072229614141798
cardi,digital,patient64633_study1_view1_frontal,patient64633,0.13642796874046326,0.3302682957551329,0.361531190926276,0.34079889171092126
cardi,digital,patient64636_study1_view1_frontal,patient64636,0.1357736587524414,0.2643089809213588,0.2510134081696289,0.3549618320610687
cardi,digital,patient64639_study1_view1_frontal,patient64639,0.20367315411567688,0.228626320845341,0.2361963190184049,0.22429906542056074
cardi,digital,patient64641_study1_view1_frontal,patient64641,0.2542771100997925,0.2994292404507537,0.304635761589404,0.09720622119815668
cardi,digital,patient64642_study1_view1_frontal,patient64642,0.22553622722625732,0.3049896907216495,0.348802112808904,0.41622903608334744
cardi,digital,patient64644_study1_view1_frontal,patient64644,0.15101999044418335,0.2719442165709598,0.3317046688382193,0.31675126903553297
cardi,digital,patient64646_study1_view1_frontal,patient64646,0.21098068356513977,0.10598210080075365,0.09342560553633218,0.17519981008150667
cardi,digital,patient64647_study1_view1_frontal,patient64647,0.24360933899879456,0.10750949594497484,0.3311890433699938,0.48568527918781723
cardi,digital,patient64650_study1_view1_frontal,patient64650,0.22164024412631989,0.4493927125506073,0.5197475570032574,0.5203952901597981
cardi,digital,patient64654_study1_view1_frontal,patient64654,0.18590331077575684,0.11649874055415617,0.3403959708232025,0.0
cardi,digital,patient64655_study1_view1_frontal,patient64655,0.146991565823555,0.4188218390804598,0.4128134796238245,0.3505651287752455
cardi,digital,patient64660_study1_view1_frontal,patient64660,0.3383323848247528,0.07984238905018665,0.10086206896551723,0.07510504201680672
cardi,digital,patient64663_study1_view1_frontal,patient64663,0.14955468475818634,0.19004924864250536,0.29494505494505496,0.08025682182985554
cardi,digital,patient64664_study1_view1_frontal,patient64664,0.11004304140806198,0.30903790087463556,0.3058823529411765,0.45161290322580644
cardi,digital,patient64669_study1_view1_frontal,patient64669,0.11279478669166565,0.21783181357649442,0.28524046434494194,0.27952329360780065
cardi,digital,patient64671_study1_view1_frontal,patient64671,0.4879605770111084,0.14133333333333334,0.19874100719424462,0.1775644871025795
cardi,digital,patient64672_study1_view1_frontal,patient64672,0.13499034941196442,0.48801150895140666,0.5922641509433962,0.5026646037476362
cardi,digital,patient64673_study1_view1_frontal,patient64673,0.17859533429145813,0.6202047781569966,0.6776616109556767,0.5642333439591967
cardi,digital,patient64674_study1_view1_frontal,patient64674,0.1571130007505417,0.39293377199256185,0.36042458808618505,0.24488054607508533
cardi,digital,patient64675_study1_view1_frontal,patient64675,0.38027223944664,0.4664164617574738,0.4732142857142857,0.3677460050462574
cardi,digital,patient64676_study1_view1_frontal,patient64676,0.1068916916847229,0.27213567343719186,0.3632202477113624,0.2808889866872043
cardi,digital,patient64684_study1_view1_frontal,patient64684,0.25363534688949585,0.06297652487961476,0.06186252771618625,0.05778258468335788
cardi,digital,patient64687_study1_view1_frontal,patient64687,0.17706534266471863,0.26808176100628933,0.2796481136863475,0.3096462050196553
cardi,digital,patient64689_study1_view1_frontal,patient64689,1.0224125385284424,0.35851318944844124,0.34493101379724056,0.2136380123322452
cardi,digital,patient64691_study1_view1_frontal,patient64691,0.13086017966270447,0.31313131313131315,0.4685675025764342,0.24155844155844156
cardi,digital,patient64692_study1_view1_frontal,patient64692,0.9232763051986694,0.12996457206787246,0.14521984671238403,0.08053007135575943
cardi,digital,patient64693_study1_view1_frontal,patient64693,0.1864854395389557,0.3140083711817615,0.3572825024437928,0.2123456790123457
cardi,digital,patient64698_study1_view1_frontal,patient64698,0.22829225659370422,0.26308345120226306,0.21694019996227126,0.1943492435007941
cardi,digital,patient64700_study1_view1_frontal,patient64700,0.12863323092460632,0.34812286689419797,0.3429072571804429,0.4400715563506261
cardi,digital,patient64702_study1_view1_frontal,patient64702,0.11878222227096558,0.301255230125523,0.3753953720659231,0.14354389433012849
cardi,digital,patient64711_study1_view1_frontal,patient64711,0.18105864524841309,0.4848265895953757,0.558645707376058,0.14860248447204968
cardi,digital,patient64712_study1_view1_frontal,patient64712,0.1243271753191948,0.18409090909090908,0.19402253797158256,0.07102997448979592
cardi,digital,patient64717_study1_view1_frontal,patient64717,0.09010723978281021,0.5208466966003849,0.47165532879818595,0.3755707762557078
cardi,digital,patient64719_study1_view1_frontal,patient64719,0.13356001675128937,0.12542729424138838,0.31278608483368936,0.10382513661202186
cardi,digital,patient64722_study1_view1_frontal,patient64722,0.14098578691482544,0.18819429318231323,0.18827093702661762,0.12835387962291517
cardi,digital,patient64729_study1_view1_frontal,patient64729,0.1355935037136078,0.4890922768304915,0.48753462603878117,0.529282038716001
cardi,digital,patient64732_study1_view1_frontal,patient64732,0.41249072551727295,0.23702031602708803,0.2398172820708032,0.09191176470588236
cardi,digital,patient64738_study1_view1_frontal,patient64738,0.38783544301986694,0.5134801762114537,0.4726894726894727,0.239054230531308
cardi,photographic,patient64541_study1_view1_frontal,patient64541,8.30980110168457,0.14543269230769232,0.12995995631598106,0.08655853541030994
cardi,photographic,patient64546_study1_view1_frontal,patient64546,8.418768882751465,0.11588277519428232,0.16717479674796748,0.14971774193548387
cardi,photographic,patient64548_study1_view1_frontal,patient64548,10.099930763244629,0.3261933904528764,0.5203888738860384,0.25739910313901343
cardi,photographic,patient64549_study1_view1_frontal,patient64549,10.415121078491211,0.37554426705370103,0.389987888574889,0.27734711455641686
cardi,photographic,patient64552_study1_view1_frontal,patient64552,10.395893096923828,0.4107142857142857,0.5886075949367089,0.08775436046511628
cardi,photographic,patient64553_study1_view1_frontal,patient64553,10.252776145935059,0.09088514225500527,0.12401150251617542,0.19591836734693877
cardi,photographic,patient64564_study1_view1_frontal,patient64564,9.626977920532227,0.12536832156557515,0.11856467904855002,0.1353529468880474
cardi,photographic,patient64565_study1_view1_frontal,patient64565,10.122780799865723,0.30299038334870243,0.339397230518599,0.32448377581120946
cardi,photographic,patient64569_study1_view1_frontal,patient64569,7.977644443511963,0.2415966386554622,0.30013642564802184,0.4347924187725632
cardi,photographic,patient64572_study1_view1_frontal,patient64572,8.088968276977539,0.03168845663265306,0.007484818528456433,0.0
cardi,photographic,patient64580_study1_view1_frontal,patient64580,5.597333908081055,0.37410926365795727,0.43169398907103823,0.2380597014925373
cardi,photographic,patient64585_study1_view1_frontal,patient64585,9.377605438232422,0.11916845598282257,0.2681058495821727,0.0
cardi,photographic,patient64592_study1_view1_frontal,patient64592,9.571081161499023,0.5439672801635992,0.6024096385542169,0.4238616203429923
cardi,photographic,patient64596_study1_view1_frontal,patient64596,6.7111101150512695,0.09151785714285714,0.19318859596803054,0.13764235934047256
cardi,photographic,patient64603_study1_view1_frontal,patient64603,11.228555679321289,0.13193220907794279,0.16800213675213677,0.3646010991093424
cardi,photographic,patient64606_study1_view1_frontal,patient64606,8.708235740661621,0.29706430568499537,0.636095919225915,0.5806858295511851
cardi,photographic,patient64609_study1_view1_frontal,patient64609,8.557448387145996,0.3366134422577052,0.1970289288506646,0.463710479220521
cardi,photographic,patient64610_study1_view1_frontal,patient64610,9.422978401184082,0.5121951219512195,0.5287769784172662,0.5138387484957883
cardi,photographic,patient64611_study1_view1_frontal,patient64611,9.39816665649414,0.0625,0.11817959383410814,0.08348457350272233
cardi,photographic,patient64612_study1_view1_frontal,patient64612,9.491703987121582,0.07954321231254934,0.1079461775338064,0.13379522071025557
cardi,photographic,patient64617_study1_view1_frontal,patient64617,11.249589920043945,0.08703535811423391,0.20224225104418553,0.27484819431128155
cardi,photographic,patient64621_study1_view1_frontal,patient64621,7.044020652770996,0.3554344002813929,0.39894459102902374,0.25840109376124343
cardi,photographic,patient64622_study1_view1_frontal,patient64622,6.746455669403076,0.16716417910447762,0.23793490460157127,0.3108302671572548
cardi,photographic,patient64623_study1_view1_frontal,patient64623,9.606009483337402,0.22878228782287824,0.36974545454545454,0.10979028239202658
cardi,photographic,patient64624_study1_view1_frontal,patient64624,11.245658874511719,0.239874500855676,0.37834311806914545,0.41291741651669667
cardi,photographic,patient64626_study1_view1_frontal,patient64626,9.594802856445312,0.37055168518169834,0.3697394789579158,0.38977865754903723
cardi,photographic,patient64630_study1_view1_frontal,patient64630,6.937952995300293,0.351585728444004,0.35960466294982263,0.15100815100815101
cardi,photographic,patient64633_study1_view1_frontal,patient64633,11.721328735351562,0.42967443057521554,0.4387476662358179,0.08089500860585198
cardi,photographic,patient64636_study1_view1_frontal,patient64636,8.579776763916016,0.2673986759244308,0.26363798962618495,0.3617706237424547
cardi,photographic,patient64639_study1_view1_frontal,patient64639,7.7341203689575195,0.1244309559939302,0.12852664576802508,0.11616847826086957
cardi,photographic,patient64641_study1_view1_frontal,patient64641,7.026420593261719,0.4687873357228196,0.42311411992263054,0.25891410048622365
cardi,photographic,patient64642_study1_view1_frontal,patient64642,6.588852882385254,0.4014036288942143,0.39586230876216966,0.36607480166225914
cardi,photographic,patient64644_study1_view1_frontal,patient64644,8.629873275756836,0.08705357142857142,0.37209302325581395,0.13108957569408067
cardi,photographic,patient64646_study1_view1_frontal,patient64646,8.4340181350708,0.11932715074980269,0.15114026866604185,0.15708200212992546
cardi,photographic,patient64647_study1_view1_frontal,patient64647,9.594347953796387,0.09590201465201466,0.2505940807949881,0.566949465142014
cardi,photographic,patient64650_study1_view1_frontal,patient64650,11.199929237365723,0.4773200166458593,0.6354961832061069,0.35941148995796357
cardi,photographic,patient64654_study1_view1_frontal,patient64654,11.20763111114502,0.08734472049689442,0.2419015565839293,0.19211084758457123
cardi,photographic,patient64655_study1_view1_frontal,patient64655,11.297138214111328,0.3343888537048765,0.32280701754385965,0.42
cardi,photographic,patient64660_study1_view1_frontal,patient64660,11.26677417755127,0.059849330357142856,0.06828506530380465,0.06536976838683461
cardi,photographic,patient64663_study1_view1_frontal,patient64663,8.199506759643555,0.09259259259259259,0.3633697680618502,0.06657018813314038
cardi,photographic,patient64664_study1_view1_frontal,patient64664,8.348962783813477,0.3842364532019704,0.4061841180604357,0.42186452045606976
cardi,photographic,patient64669_study1_view1_frontal,patient64669,7.23057222366333,0.05141900510204082,0.41238012205754143,0.13112582781456952
cardi,photographic,patient64671_study1_view1_frontal,patient64671,9.061600685119629,0.07986767485822306,0.24987916868052198,0.24683452190365304
cardi,photographic,patient64672_study1_view1_frontal,patient64672,7.278866767883301,0.4381467919121159,0.5423275367857825,0.4629878869448183
cardi,photographic,patient64673_study1_view1_frontal,patient64673,9.656448364257812,0.5481753741139407,0.5778336786031371,0.4755043227665706
cardi,photographic,patient64674_study1_view1_frontal,patient64674,8.127811431884766,0.2834695160276556,0.32669322709163345,0.18791946308724833
cardi,photographic,patient64675_study1_view1_frontal,patient64675,9.348328590393066,0.4574342879560612,0.4981731532962669,0.5163191296464189
cardi,photographic,patient64676_study1_view1_frontal,patient64676,8.295682907104492,0.33921982076963625,0.4126230064472345,0.374526678141136
cardi,photographic,patient64684_study1_view1_frontal,patient64684,6.783101558685303,0.06059362934362934,0.06317934782608696,0.10859535201640465
cardi,photographic,patient64687_study1_view1_frontal,patient64687,6.261147499084473,0.2495921696574225,0.2573707943114811,0.20268558398783887
cardi,photographic,patient64689_study1_view1_frontal,patient64689,11.230114936828613,0.06350267379679145,0.333855308487316,0.16208530805687205
cardi,photographic,patient64691_study1_view1_frontal,patient64691,11.256060600280762,0.09620278937188231,0.3526637069922309,0.1140804901235872
cardi,photographic,patient64692_study1_view1_frontal,patient64692,14.004800796508789,0.10427018633540373,0.2211273157272369,0.20984056231784673
cardi,photographic,patient64693_study1_view1_frontal,patient64693,13.795572280883789,0.07284359056122448,0.38324117396852403,0.3455140054030997
cardi,photographic,patient64698_study1_view1_frontal,patient64698,6.1411943435668945,0.20725865880619013,0.18019668337832626,0.16382633394197607
cardi,photographic,patient64700_study1_view1_frontal,patient64700,6.186522483825684,0.34707287933094383,0.33369041242635245,0.34095940959409593
cardi,photographic,patient64702_study1_view1_frontal,patient64702,6.812241077423096,0.2392401306025527,0.3000612369871402,0.214510214772132
cardi,photographic,patient64711_study1_view1_frontal,patient64711,13.859273910522461,0.3528468323977546,0.41847826086956524,0.11897836112096488
cardi,photographic,patient64712_study1_view1_frontal,patient64712,9.041976928710938,0.09769736842105263,0.11701359248801628,0.09215255332902392
cardi,photographic,patient64717_study1_view1_frontal,patient64717,12.013568878173828,0.4189189189189189,0.40250447227191416,0.2849002849002849
cardi,photographic,patient64719_study1_view1_frontal,patient64719,7.627782821655273,0.08179209183673469,0.2732732732732733,0.2188216475606505
cardi,photographic,patient64722_study1_view1_frontal,patient64722,8.499759674072266,0.23037542662116042,0.18787981093855502,0.20675252349460493
cardi,photographic,patient64729_study1_view1_frontal,patient64729,10.014182090759277,0.41825095057034223,0.4523944943692413,0.5022332506203474
cardi,photographic,patient64732_study1_view1_frontal,patient64732,12.12199592590332,0.07927728613569321,0.15021906947631963,0.3420855213803451
cardi,photographic,patient64738_study1_view1_frontal,patient64738,6.70964241027832,0.35570469798657717,0.3418230563002681,0.49307520476545047
atel,digital,patient64545_study1_view1_frontal,patient64545,0.253598153591156,0.0,0.0,0.0
atel,digital,patient64546_study1_view1_frontal,patient64546,0.09902473539113998,0.0,0.0,0.0712979890310786
atel,digital,patient64548_study1_view1_frontal,patient64548,1.2144739627838135,0.22510170257646528,0.1652857670589477,0.0
atel,digital,patient64552_study1_view1_frontal,patient64552,0.14354775846004486,0.0,0.0,0.13735514655760053
atel,digital,patient64555_study1_view1_frontal,patient64555,0.1701289266347885,0.10371392434172703,0.10371392434172703,0.0
atel,digital,patient64560_study1_view1_frontal,patient64560,0.20074009895324707,0.10741267929486478,0.10697776799471714,0.055676855895196505
atel,digital,patient64561_study1_view1_frontal,patient64561,0.30579453706741333,0.07462686567164178,0.07534246575342465,0.0
atel,digital,patient64564_study1_view1_frontal,patient64564,0.381530225276947,0.034517673048600886,0.0,0.0
atel,digital,patient64566_study1_view1_frontal,patient64566,0.1688368320465088,0.0,0.0,0.0
atel,digital,patient64569_study1_view1_frontal,patient64569,0.5971170663833618,0.1344692005242464,0.12636505460218408,0.0
atel,digital,patient64571_study1_view1_frontal,patient64571,,0.03980752405949256,0.049494949494949494,0.0
atel,digital,patient64580_study1_view1_frontal,patient64580,0.2635992467403412,0.0969103099066998,0.09646707425211182,0.057019903173749324
atel,digital,patient64582_study1_view1_frontal,patient64582,0.4401308000087738,0.10787543841003294,0.1305298353909465,0.008868742609381159
atel,digital,patient64583_study1_view1_frontal,patient64583,0.10026445984840393,0.0,0.0,0.03905853708024754
atel,digital,patient64592_study1_view1_frontal,patient64592,0.21168017387390137,0.03057387323559867,0.025816975082963045,0.0
atel,digital,patient64603_study1_view1_frontal,patient64603,0.1445627510547638,0.0688537869582827,0.1334133413341334,0.024143623607098638
atel,digital,patient64607_study1_view1_frontal,patient64607,0.12308166921138763,0.0,0.0,0.0
atel,digital,patient64608_study1_view1_frontal,patient64608,0.1981278657913208,0.0,0.0,0.07651715039577836
atel,digital,patient64609_study1_view1_frontal,patient64609,0.1568087488412857,0.0,0.0,0.0
atel,digital,patient64612_study1_view1_frontal,patient64612,0.16256140172481537,0.0,0.0,0.0
atel,digital,patient64614_study1_view1_frontal,patient64614,0.24601629376411438,0.21883468834688347,0.0446927374301676,0.0
atel,digital,patient64619_study1_view1_frontal,patient64619,0.16925464570522308,0.1092966994988768,0.11864565747514538,0.018556904550389892
atel,digital,patient64620_study1_view1_frontal,patient64620,0.120876744389534,0.07964411279328407,0.1795099862537398,0.24749163879598662
atel,digital,patient64623_study1_view1_frontal,patient64623,0.1288202404975891,0.0511600237953599,0.04630294328786791,0.0
atel,digital,patient64624_study1_view1_frontal,patient64624,0.2644169330596924,0.20341456296512475,0.20080668395275136,0.0
atel,digital,patient64630_study1_view1_frontal,patient64630,0.25599929690361023,0.05750560119492158,0.04113687359760658,0.0
atel,digital,patient64633_study1_view1_frontal,patient64633,0.13642796874046326,0.0,0.0,0.042382588774341354
atel,digital,patient64635_study1_view1_frontal,patient64635,0.3730241656303406,0.0896305766772088,0.07632144391920928,0.0
atel,digital,patient64639_study1_view1_frontal,patient64639,0.20367315411567688,0.13386319544402028,0.1417142857142857,0.0
atel,digital,patient64640_study1_view1_frontal,patient64640,0.4410785436630249,0.034669939989088926,0.03730773746624398,0.09764453961456103
atel,digital,patient64641_study1_view1_frontal,patient64641,0.2542771100997925,0.04910110671540888,0.04769487412799515,0.0
atel,digital,patient64643_study1_view1_frontal,patient64643,0.09904811531305313,0.309985935302391,0.258493353028065,0.0
atel,digital,patient64644_study1_view1_frontal,patient64644,0.15101999044418335,0.009146038373595785,0.006668013740149525,0.0
atel,digital,patient64648_study1_view1_frontal,patient64648,0.1387052983045578,0.0,0.0,0.0
atel,digital,patient64649_study1_view1_frontal,patient64649,0.14366856217384338,0.07919966652771988,0.07077814569536424,0.0
atel,digital,patient64650_study1_view1_frontal,patient64650,0.22164024412631989,0.0,0.0,0.0
atel,digital,patient64652_study1_view1_frontal,patient64652,0.13788104057312012,0.16089535106179453,0.15970375996961642,0.0
atel,digital,patient64654_study1_view1_frontal,patient64654,0.18590331077575684,0.07031972859052123,0.05887821506042764,0.07037228954081633
atel,digital,patient64655_study1_view1_frontal,patient64655,0.146991565823555,0.12926829268292683,0.12728344136711844,0.0
atel,digital,patient64656_study1_view1_frontal,patient64656,0.39612817764282227,0.1731996353691887,0.1640838650865998,0.0
atel,digital,patient64658_study1_view1_frontal,patient64658,0.1922328919172287,0.1296707046579082,0.13130615065653076,0.01992984693877551
atel,digital,patient64659_study1_view1_frontal,patient64659,0.2607288956642151,0.0735963201839908,0.08135293467447773,0.011033919084593379
atel,digital,patient64660_study1_view1_frontal,patient64660,0.3383323848247528,0.0391507118311242,0.03702934086942066,0.0
atel,digital,patient64664_study1_view1_frontal,patient64664,0.11004304140806198,0.0,0.0,0.0
atel,digital,patient64666_study1_view1_frontal,patient64666,0.15232467651367188,0.1077023498694517,0.1069271423178558,0.0
atel,digital,patient64667_study1_view1_frontal,patient64667,0.5116559267044067,0.06955121165531884,0.03566066066066066,0.10453235525281634
atel,digital,patient64668_study1_view1_frontal,patient64668,0.44268232583999634,0.042173560421735604,0.03770848440899202,0.0
atel,digital,patient64669_study1_view1_frontal,patient64669,0.11279478669166565,0.3805379746835443,0.45824071133693234,0.11428106965780704
atel,digital,patient64670_study1_view1_frontal,patient64670,0.13206449151039124,0.14377836159541438,0.14213197969543148,0.0
atel,digital,patient64674_study1_view1_frontal,patient64674,0.1571130007505417,0.0,0.0,0.0
atel,digital,patient64675_study1_view1_frontal,patient64675,0.38027223944664,0.10527887256658307,0.10262515262515262,0.0
atel,digital,patient64676_study1_view1_frontal,patient64676,0.1068916916847229,0.1004956417706375,0.0611183355006502,0.0
atel,digital,patient64678_study1_view1_frontal,patient64678,0.2003433108329773,0.14842300556586271,0.1554001554001554,0.03324808184143223
atel,digital,patient64681_study1_view1_frontal,patient64681,0.16229867935180664,0.05833416858775183,0.04787125687512732,0.052956425132699665
atel,digital,patient64683_study1_view1_frontal,patient64683,0.16349907219409943,0.06369080021774633,0.0,0.0
atel,digital,patient64684_study1_view1_frontal,patient64684,0.25363534688949585,0.2165758591785415,0.2165758591785415,0.0
atel,digital,patient64686_study1_view1_frontal,patient64686,0.13047876954078674,0.0,0.0,0.0
atel,digital,patient64689_study1_view1_frontal,patient64689,1.0224125385284424,0.04052062185388102,0.039217339967951424,0.0
atel,digital,patient64692_study1_view1_frontal,patient64692,0.9232763051986694,0.17751479289940827,0.16941762690750545,0.07265877287405813
atel,digital,patient64693_study1_view1_frontal,patient64693,0.1864854395389557,0.07163207163207164,0.06910994764397906,0.0
atel,digital,patient64694_study1_view1_frontal,patient64694,0.39207446575164795,0.0,0.0,0.0
atel,digital,patient64697_study1_view1_frontal,patient64697,0.1265830397605896,0.34889687018984095,0.3547140649149923,0.0
atel,digital,patient64699_study1_view1_frontal,patient64699,0.3111022412776947,0.038950143815915626,0.04002463054187192,0.0
atel,digital,patient64701_study1_view1_frontal,patient64701,0.23637335002422333,0.0,0.0,0.0
atel,digital,patient64702_study1_view1_frontal,patient64702,0.11878222227096558,0.16974317817014445,0.16756267330654745,0.0
atel,digital,patient64714_study1_view1_frontal,patient64714,0.0979892760515213,0.0,0.0,0.0
atel,digital,patient64715_study1_view1_frontal,patient64715,0.1515025496482849,0.25,0.10513595166163142,0.0
atel,digital,patient64717_study1_view1_frontal,patient64717,0.09010723978281021,0.08019105077928608,0.11818644931227713,0.0
atel,digital,patient64722_study1_view1_frontal,patient64722,0.14098578691482544,0.054836075137090184,0.050106609808102345,0.0
atel,digital,patient64725_study1_view1_frontal,patient64725,0.10964834690093994,0.06851449275362319,0.06372796818656691,0.0
atel,digital,patient64734_study1_view1_frontal,patient64734,0.1319141685962677,0.3360730593607306,0.3385972400056907,0.0
atel,digital,patient64735_study1_view1_frontal,patient64735,0.1810002326965332,0.0520071509832602,0.046822742474916385,0.0
atel,digital,patient64740_study1_view1_frontal,patient64740,0.2633158564567566,0.06108283202221194,0.06108283202221194,0.0
atel,photographic,patient64545_study1_view1_frontal,patient64545,8.383527755737305,0.0,0.06659957376272792,0.0
atel,photographic,patient64546_study1_view1_frontal,patient64546,8.418768882751465,0.0,0.0,0.0
atel,photographic,patient64548_study1_view1_frontal,patient64548,10.099930763244629,0.35200845665961944,0.34285714285714286,0.11153232242617718
atel,photographic,patient64552_study1_view1_frontal,patient64552,10.395893096923828,0.15102305943488145,0.14157837047862623,0.0
atel,photographic,patient64555_study1_view1_frontal,patient64555,10.288400650024414,0.0,0.0,0.0
atel,photographic,patient64560_study1_view1_frontal,patient64560,8.16362476348877,0.0,0.0,0.0
atel,photographic,patient64561_study1_view1_frontal,patient64561,7.855815887451172,0.0,0.0,0.0
atel,photographic,patient64564_study1_view1_frontal,patient64564,9.626977920532227,0.0,0.0,0.0
atel,photographic,patient64566_study1_view1_frontal,patient64566,8.20745849609375,0.0,0.0,0.0
atel,photographic,patient64569_study1_view1_frontal,patient64569,7.977644443511963,0.0,0.0,0.0
atel,photographic,patient64571_study1_view1_frontal,patient64571,5.7879204750061035,0.0,0.0,0.0
atel,photographic,patient64580_study1_view1_frontal,patient64580,5.597333908081055,0.1161320533832826,0.10180142438206954,0.0
atel,photographic,patient64582_study1_view1_frontal,patient64582,7.876707077026367,0.0,0.0,0.0
atel,photographic,patient64583_study1_view1_frontal,patient64583,9.374612808227539,0.0,0.0,0.05073051948051948
atel,photographic,patient64592_study1_view1_frontal,patient64592,9.571081161499023,0.0,0.0,0.0
atel,photographic,patient64603_study1_view1_frontal,patient64603,11.228555679321289,0.08273894436519258,0.08433673469387755,0.0
atel,photographic,patient64607_study1_view1_frontal,patient64607,11.197872161865234,0.0,0.0,0.0
atel,photographic,patient64608_study1_view1_frontal,patient64608,9.356143951416016,0.0,0.0,0.0
atel,photographic,patient64609_study1_view1_frontal,patient64609,8.557448387145996,0.0,0.0,0.0
atel,photographic,patient64612_study1_view1_frontal,patient64612,9.491703987121582,0.49640287769784175,0.02391581632653061,0.0
atel,photographic,patient64614_study1_view1_frontal,patient64614,7.16436767578125,0.0,0.0,0.0
atel,photographic,patient64619_study1_view1_frontal,patient64619,7.141286849975586,0.0,0.0,0.0
atel,photographic,patient64620_study1_view1_frontal,patient64620,8.750570297241211,0.044244260204081634,0.0,0.0
atel,photographic,patient64623_study1_view1_frontal,patient64623,9.606009483337402,0.12390294269488901,0.13223561364793754,0.0
atel,photographic,patient64624_study1_view1_frontal,patient64624,11.245658874511719,0.13574938574938575,0.1313912009512485,0.0
atel,photographic,patient64630_study1_view1_frontal,patient64630,6.937952995300293,0.12533435231180742,0.11397934868943606,0.0
atel,photographic,patient64633_study1_view1_frontal,patient64633,11.721328735351562,0.0,0.0,0.0
atel,photographic,patient64635_study1_view1_frontal,patient64635,7.606812953948975,0.07057984790874525,0.06851963746223565,0.0
atel,photographic,patient64639_study1_view1_frontal,patient64639,7.7341203689575195,0.0,0.0,0.0
atel,photographic,patient64640_study1_view1_frontal,patient64640,7.672939300537109,0.11533871533871534,0.0,0.0
atel,photographic,patient64641_study1_view1_frontal,patient64641,7.026420593261719,0.09864144328390914,0.09252562907735322,0.0
atel,photographic,patient64643_study1_view1_frontal,patient64643,6.463400840759277,0.0,0.0,0.0
atel,photographic,patient64644_study1_view1_frontal,patient64644,8.629873275756836,0.0,0.0,0.0
atel,photographic,patient64648_study1_view1_frontal,patient64648,7.783567428588867,0.0,0.0,0.0
atel,photographic,patient64649_study1_view1_frontal,patient64649,6.798803329467773,0.0,0.0,0.0
atel,photographic,patient64650_study1_view1_frontal,patient64650,11.199929237365723,0.0,0.0,0.0
atel,photographic,patient64652_study1_view1_frontal,patient64652,11.248457908630371,0.0,0.0,0.0
atel,photographic,patient64654_study1_view1_frontal,patient64654,11.20763111114502,0.03234501347708895,0.0,0.0
atel,photographic,patient64655_study1_view1_frontal,patient64655,11.297138214111328,0.0,0.0,0.0
atel,photographic,patient64656_study1_view1_frontal,patient64656,9.630757331848145,0.0,0.0,0.0
atel,photographic,patient64658_study1_view1_frontal,patient64658,11.234505653381348,0.0390015600624025,0.0,0.0
atel,photographic,patient64659_study1_view1_frontal,patient64659,8.397348403930664,0.0,0.0,0.0
atel,photographic,patient64660_study1_view1_frontal,patient64660,11.26677417755127,0.0,0.0,0.0
atel,photographic,patient64664_study1_view1_frontal,patient64664,8.348962783813477,0.0,0.0,0.0
atel,photographic,patient64666_study1_view1_frontal,patient64666,9.522124290466309,0.0,0.0,0.0
atel,photographic,patient64667_study1_view1_frontal,patient64667,9.77505111694336,0.0,0.0,0.0
atel,photographic,patient64668_study1_view1_frontal,patient64668,8.460456848144531,0.0,0.0,0.0
atel,photographic,patient64669_study1_view1_frontal,patient64669,7.23057222366333,0.070403981264637,0.07197725458898643,0.0
atel,photographic,patient64670_study1_view1_frontal,patient64670,11.050287246704102,0.0,0.0,0.0
atel,photographic,patient64674_study1_view1_frontal,patient64674,8.127811431884766,0.0052614795918367345,0.007603686635944701,0.0
atel,photographic,patient64675_study1_view1_frontal,patient64675,9.348328590393066,0.0,0.0,0.0
atel,photographic,patient64676_study1_view1_frontal,patient64676,8.295682907104492,0.0,0.0,0.0
atel,photographic,patient64678_study1_view1_frontal,patient64678,6.251653671264648,0.054382307622586785,0.0,0.0
atel,photographic,patient64681_study1_view1_frontal,patient64681,9.907007217407227,0.0,0.0,0.0
atel,photographic,patient64683_study1_view1_frontal,patient64683,11.30099105834961,0.0,0.0,0.0
atel,photographic,patient64684_study1_view1_frontal,patient64684,6.783101558685303,0.15530903328050713,0.13834480324686782,0.0
atel,photographic,patient64686_study1_view1_frontal,patient64686,6.34296989440918,0.020089285714285716,0.020089285714285716,0.0
atel,photographic,patient64689_study1_view1_frontal,patient64689,11.230114936828613,0.0,0.0,0.0
atel,photographic,patient64692_study1_view1_frontal,patient64692,14.004800796508789,0.020426690876078075,0.0,0.0
atel,photographic,patient64693_study1_view1_frontal,patient64693,13.795572280883789,0.0,0.0,0.0
atel,photographic,patient64694_study1_view1_frontal,patient64694,9.396644592285156,0.0,0.0,0.0
atel,photographic,patient64697_study1_view1_frontal,patient64697,9.92803955078125,0.13755458515283842,0.13755458515283842,0.0
atel,photographic,patient64699_study1_view1_frontal,patient64699,6.797883033752441,0.0,0.0,0.0
atel,photographic,patient64701_study1_view1_frontal,patient64701,8.179253578186035,0.0,0.0,0.0
atel,photographic,patient64702_study1_view1_frontal,patient64702,6.812241077423096,0.06744260204081633,0.0,0.06744260204081633
atel,photographic,patient64714_study1_view1_frontal,patient64714,8.096586227416992,0.0,0.0,0.0
atel,photographic,patient64715_study1_view1_frontal,patient64715,9.525739669799805,0.15197841726618705,0.049162011173184354,0.0
atel,photographic,patient64717_study1_view1_frontal,patient64717,12.013568878173828,0.03577933905802758,0.03577933905802758,0.0
atel,photographic,patient64722_study1_view1_frontal,patient64722,8.499759674072266,0.0,0.0,0.0
atel,photographic,patient64725_study1_view1_frontal,patient64725,9.562732696533203,0.0,0.0,0.0
atel,photographic,patient64734_study1_view1_frontal,patient64734,9.742818832397461,0.0,0.0,0.0
atel,photographic,patient64735_study1_view1_frontal,patient64735,9.434814453125,0.0588474025974026,0.06092436974789916,0.0
atel,photographic,patient64740_study1_view1_frontal,patient64740,10.452533721923828,0.13880597014925372,0.1017910447761194,0.0
