tag,key,patient,raw45,full45,noident45,agree_p_noid,shift_noid
cardi,patient64541_study1_view1_frontal,patient64541,0.0800751879699248,0.0,0.08979158235532173,0.7740013645491094,0.15053106135860014
cardi,patient64546_study1_view1_frontal,patient64546,0.0739995216836734,0.3495877502944641,0.1559166876627194,0.6461075829716685,0.027156113537117905
cardi,patient64548_study1_view1_frontal,patient64548,0.1486646677358622,0.5500650195058517,0.5802631578947368,0.7846480367872743,0.18822508089337858
cardi,patient64549_study1_view1_frontal,patient64549,0.0,0.37707948243992606,0.1602787456445993,0.562485465061349,0.0
cardi,patient64552_study1_view1_frontal,patient64552,0.5444444444444444,0.5506216696269982,0.5787249031349067,0.7780874641641198,0.4581557535838822
cardi,patient64553_study1_view1_frontal,patient64553,0.0678066037735849,0.18448771145866583,0.18448771145866583,0.3911203533649837,0.0003985386914646297
cardi,patient64564_study1_view1_frontal,patient64564,0.0,0.3300663926651913,0.3300663926651913,0.5880045277451534,0.0
cardi,patient64565_study1_view1_frontal,patient64565,0.0433295324971493,0.3475177304964539,0.4449648711943794,0.5973500856223924,0.0
cardi,patient64569_study1_view1_frontal,patient64569,0.1396902520498026,0.43043478260869567,0.5409326424870466,0.40847614567630186,0.15001195790816327
cardi,patient64572_study1_view1_frontal,patient64572,0.0463935574229691,0.03168845663265306,0.6901041666666666,0.3866718323361408,0.0
cardi,patient64580_study1_view1_frontal,patient64580,0.4636542239685658,0.512275731822474,0.5829228243021346,0.7676317029861129,0.6404053612291598
cardi,patient64585_study1_view1_frontal,patient64585,0.0561947717231222,0.4289499834382246,0.5046649703138253,0.6117368913284345,0.0013301409949454642
cardi,patient64592_study1_view1_frontal,patient64592,0.2992125984251969,0.32177332856632107,0.42401700318809776,0.5939681895448812,0.3289194915254237
cardi,patient64596_study1_view1_frontal,patient64596,0.106519124368535,0.2962360594795539,0.30628756356911696,0.660829408634895,0.19481651739716255
cardi,patient64603_study1_view1_frontal,patient64603,0.091765873015873,0.7173363304298961,0.6210167842374118,0.7448648831697481,0.19789925996657914
cardi,patient64606_study1_view1_frontal,patient64606,0.105406746031746,0.10724324324324325,0.10724324324324325,0.41636493801208796,0.15001195790816327
cardi,patient64609_study1_view1_frontal,patient64609,0.1605839416058394,0.4780388151174668,0.42288049029622066,0.636749488457116,0.2755465175394001
cardi,patient64610_study1_view1_frontal,patient64610,0.4026748308088946,0.4311336717428088,0.5121951219512195,0.7677593629268868,0.6713667147773954
cardi,patient64611_study1_view1_frontal,patient64611,0.065340909090909,0.06069802731411229,0.06069802731411229,0.5216599201496057,0.07083926031294452
cardi,patient64612_study1_view1_frontal,patient64612,0.064273756377551,0.36690186016677356,0.09054919137466308,0.317454736174622,0.04003865801463482
cardi,patient64617_study1_view1_frontal,patient64617,0.0799632352941176,0.09588248064259353,0.18694885361552027,0.5908006482132129,0.0616274150331406
cardi,patient64621_study1_view1_frontal,patient64621,0.1298554860088365,0.2218700475435816,0.16148695054945056,0.34751649232581866,0.04777468706536857
cardi,patient64622_study1_view1_frontal,patient64622,0.0548867984693877,0.0,0.4150705114712692,0.5117540967823809,0.0
cardi,patient64623_study1_view1_frontal,patient64623,0.3659574468085106,0.5446808510638298,0.6155988857938719,0.6623152655457617,0.2725274725274725
cardi,patient64624_study1_view1_frontal,patient64624,0.048425983329889,0.2783629250677099,0.4371014492753623,0.6329208429962244,0.012373907195696032
cardi,patient64626_study1_view1_frontal,patient64626,0.0767270923520923,0.365625,0.386034629577065,0.5785306694874756,0.09442589635651037
cardi,patient64630_study1_view1_frontal,patient64630,0.0988319856244384,0.28393754961630063,0.30526315789473685,0.590056105659754,0.1174025974025974
cardi,patient64633_study1_view1_frontal,patient64633,0.4691995573589081,0.44642857142857145,0.41169205434335115,0.8223974334732848,0.36007226738934056
cardi,patient64636_study1_view1_frontal,patient64636,0.1004720853858784,0.0780452806122449,0.11352040816326531,0.3612288132762519,0.0
cardi,patient64639_study1_view1_frontal,patient64639,0.2706766917293233,0.2706766917293233,0.461038961038961,0.5539424142828027,0.29316855475454856
cardi,patient64641_study1_view1_frontal,patient64641,0.3451626099406831,0.3872752420470263,0.3834217246120605,0.5513652964988286,0.5134211319995978
cardi,patient64642_study1_view1_frontal,patient64642,0.54859287054409,0.56706857573474,0.5007150153217569,0.8274362860981916,0.46275614256579584
cardi,patient64644_study1_view1_frontal,patient64644,0.0817454268292682,0.17980414191684058,0.4766666666666667,0.672432386462776,0.08861582941814239
cardi,patient64646_study1_view1_frontal,patient64646,0.1877784850413749,0.24928716904276985,0.2901259650548558,0.514309518624808,0.18924680246328754
cardi,patient64647_study1_view1_frontal,patient64647,0.0,0.08348612882653061,0.08348612882653061,0.7571633564139942,0.15001195790816327
cardi,patient64650_study1_view1_frontal,patient64650,0.6643567339560108,0.7366205652435358,0.7469191463781184,0.9000482272370767,0.3155365256903181
cardi,patient64654_study1_view1_frontal,patient64654,0.0998225377107364,0.32432432432432434,0.3333333333333333,0.5750891333243174,0.0940133682069166
cardi,patient64655_study1_view1_frontal,patient64655,0.1101000909918107,0.25315227934044615,0.4311856652687762,0.5948182953115126,0.0
cardi,patient64660_study1_view1_frontal,patient64660,0.1044642857142857,0.1974009900990099,0.20592775548008643,0.7530362335048393,0.004938930788226657
cardi,patient64663_study1_view1_frontal,patient64663,0.1957831325301204,0.19153225806451613,0.2729007633587786,0.6852530622226575,0.1553338449731389
cardi,patient64664_study1_view1_frontal,patient64664,0.3793103448275862,0.5260437375745527,0.544769424008613,0.8858125953077857,0.5438416572659215
cardi,patient64669_study1_view1_frontal,patient64669,0.0719866071428571,0.3278520041109969,0.33880903490759756,0.5242119916253832,0.0
cardi,patient64671_study1_view1_frontal,patient64671,0.6713218577460215,0.6131105398457584,0.6431838975297347,0.7791678430002537,0.3864138438880707
cardi,patient64672_study1_view1_frontal,patient64672,0.455494071146245,0.50625,0.6132985134592206,0.8630372670809093,0.4648517258142927
cardi,patient64673_study1_view1_frontal,patient64673,0.1480508870214752,0.48127128263337116,0.5683369077792942,0.6684118434828605,0.24526428985027712
cardi,patient64674_study1_view1_frontal,patient64674,0.435578502698897,0.44997684113015285,0.4258741258741259,0.7575597020988304,0.4237784708439656
cardi,patient64675_study1_view1_frontal,patient64675,0.1108647450110864,0.5647462524832942,0.4819059107358263,0.5501906264269012,0.0482523325442139
cardi,patient64676_study1_view1_frontal,patient64676,0.4260756192959583,0.528256989886972,0.5889351576442594,0.6538150467471522,0.2451410139773385
cardi,patient64684_study1_view1_frontal,patient64684,0.1570566948130277,0.41471571906354515,0.4361347649018882,0.5099886015069266,0.3484685652874798
cardi,patient64687_study1_view1_frontal,patient64687,0.2851437699680511,0.23824959481361427,0.27391479099678456,0.7484652741857308,0.21380199935504676
cardi,patient64689_study1_view1_frontal,patient64689,0.2647058823529412,0.2647058823529412,0.27093282394141993,0.4758055768610827,0.1533747031333793
cardi,patient64691_study1_view1_frontal,patient64691,0.0715825123152709,0.1407035175879397,0.543118799287713,0.46397591769824165,0.005946812775624749
cardi,patient64692_study1_view1_frontal,patient64692,0.4485520640788663,0.48492623476587554,0.5966646077825818,0.7638843195891072,0.35476040636518924
cardi,patient64693_study1_view1_frontal,patient64693,0.0,0.4002109148431321,0.5560175054704595,0.6644573795911531,0.084732329418546
cardi,patient64698_study1_view1_frontal,patient64698,0.2936665719965918,0.2469982847341338,0.4277263764598817,0.625426816552267,0.20669496276127172
cardi,patient64700_study1_view1_frontal,patient64700,0.4982775590551181,0.5069935823597169,0.6014930678990402,0.808282047762808,0.5941967595043948
cardi,patient64702_study1_view1_frontal,patient64702,0.1817125788250912,0.25264124942581534,0.2829581993569132,0.5292388764108431,0.028909240021869873
cardi,patient64711_study1_view1_frontal,patient64711,0.2191273161984459,0.3573667711598746,0.3949843260188088,0.5676815362745478,0.1855264194031026
cardi,patient64712_study1_view1_frontal,patient64712,0.1623542274052478,0.07102997448979592,0.004962779156327543,0.2816447224966853,0.15001195790816327
cardi,patient64717_study1_view1_frontal,patient64717,0.4122245913290689,0.4266805990943922,0.5390385271053528,0.7891305919069713,0.3842124609446793
cardi,patient64719_study1_view1_frontal,patient64719,0.1077731092436974,0.010668163952835485,0.1976021955799509,0.5358648458799569,0.0
cardi,patient64722_study1_view1_frontal,patient64722,0.1856952887537994,0.2617547261269995,0.3162434115955918,0.5976638479724706,0.0955325960419092
cardi,patient64729_study1_view1_frontal,patient64729,0.4191937210132001,0.39915966386554624,0.42448650825614176,0.6690230104078091,0.4919722497522299
cardi,patient64732_study1_view1_frontal,patient64732,0.0,0.3242408646423057,0.34268073064059684,0.616948461028018,0.0
cardi,patient64738_study1_view1_frontal,patient64738,0.1254630638483329,0.47967770814682187,0.5198498913687537,0.5275476294042606,0.011882384532760472
atel,patient64545_study1_view1_frontal,patient64545,0.0,0.022421077806122448,0.022421077806122448,1.0,1.0
atel,patient64546_study1_view1_frontal,patient64546,0.0,0.06919642857142858,0.06919642857142858,1.0,1.0
atel,patient64548_study1_view1_frontal,patient64548,0.0,0.3173076923076923,0.07246492346938775,1.0,1.0
atel,patient64552_study1_view1_frontal,patient64552,0.1238426469897071,0.4969915764139591,0.32101910828025476,0.7571519679300291,0.15001195790816327
atel,patient64555_study1_view1_frontal,patient64555,0.0,0.03186782525510204,0.03186782525510204,1.0,1.0
atel,patient64560_study1_view1_frontal,patient64560,0.0,0.08753188775510204,0.08753188775510204,1.0,1.0
atel,patient64561_study1_view1_frontal,patient64561,0.0,0.058673469387755105,0.058673469387755105,1.0,1.0
atel,patient64564_study1_view1_frontal,patient64564,0.0,0.029894770408163265,0.029894770408163265,1.0,1.0
atel,patient64566_study1_view1_frontal,patient64566,0.0063576211734693,0.006357621173469388,0.006357621173469388,1.0,1.0
atel,patient64569_study1_view1_frontal,patient64569,0.043765943877551,0.04376594387755102,0.04376594387755102,1.0,1.0
atel,patient64571_study1_view1_frontal,patient64571,0.0146484375,0.0146484375,0.0146484375,1.0,1.0
atel,patient64580_study1_view1_frontal,patient64580,0.1010443239795918,0.10104432397959184,0.10104432397959184,1.0,1.0
atel,patient64582_study1_view1_frontal,patient64582,0.0,0.0,0.04045758928571429,1.0,1.0
atel,patient64583_study1_view1_frontal,patient64583,0.0,0.0,0.0,1.0,1.0
atel,patient64592_study1_view1_frontal,patient64592,0.0,0.0,0.052853954081632654,1.0,1.0
atel,patient64603_study1_view1_frontal,patient64603,0.0,0.05721859056122449,0.05721859056122449,0.7572259930758017,1.0
atel,patient64607_study1_view1_frontal,patient64607,0.0,0.0,0.008071588010204082,0.42407806647166657,0.15001195790816327
atel,patient64608_study1_view1_frontal,patient64608,0.0,0.062181122448979595,0.062181122448979595,0.5623081758724795,1.0
atel,patient64609_study1_view1_frontal,patient64609,0.0040656887755102,0.004065688775510204,0.004065688775510204,1.0,1.0
atel,patient64612_study1_view1_frontal,patient64612,0.0,0.0,0.0,1.0,1.0
atel,patient64614_study1_view1_frontal,patient64614,0.0,0.0,0.039760044642857144,1.0,1.0
atel,patient64619_study1_view1_frontal,patient64619,0.033462213010204,0.03346221301020408,0.03346221301020408,1.0,1.0
atel,patient64620_study1_view1_frontal,patient64620,0.0442442602040816,0.044244260204081634,0.044244260204081634,1.0,1.0
atel,patient64623_study1_view1_frontal,patient64623,0.0,0.0,0.039760044642857144,1.0,1.0
atel,patient64624_study1_view1_frontal,patient64624,0.2463898916967509,0.2424511545293073,0.25466417910447764,0.5631728581439338,1.0
atel,patient64630_study1_view1_frontal,patient64630,0.0,0.08310552214324768,0.05883290816326531,1.0,1.0
atel,patient64633_study1_view1_frontal,patient64633,0.261558784676354,0.26974483596597815,0.21400264200792601,0.7571519679300291,1.0
atel,patient64635_study1_view1_frontal,patient64635,0.0,0.0,0.05309311224489796,1.0,1.0
atel,patient64639_study1_view1_frontal,patient64639,0.0,0.0,0.08896683673469388,0.7571462736880467,1.0
atel,patient64640_study1_view1_frontal,patient64640,0.2571955719557195,0.23248832555036691,0.03274473852040816,0.7571462736880467,0.15001195790816327
atel,patient64641_study1_view1_frontal,patient64641,0.3139208969168483,0.3492546394888956,0.3139208969168483,1.0,1.0
atel,patient64643_study1_view1_frontal,patient64643,0.2459016393442623,0.2743410435718128,0.09486166007905138,0.7571462736880467,0.1500518176020408
atel,patient64644_study1_view1_frontal,patient64644,0.0262276785714285,0.026227678571428572,0.026227678571428572,1.0,1.0
atel,patient64648_study1_view1_frontal,patient64648,0.0234773596938775,0.023477359693877552,0.023477359693877552,1.0,1.0
atel,patient64649_study1_view1_frontal,patient64649,0.0352160395408163,0.03521603954081633,0.03521603954081633,1.0,1.0
atel,patient64650_study1_view1_frontal,patient64650,0.0,0.014462809917355372,0.019252232142857144,0.7571519679300291,0.15011160714285715
atel,patient64652_study1_view1_frontal,patient64652,0.1548610221596003,0.23102887860982624,0.13616071428571427,1.0,0.15001195790816327
atel,patient64654_study1_view1_frontal,patient64654,0.2180166540499621,0.21801665404996215,0.07037228954081633,1.0,1.0
atel,patient64655_study1_view1_frontal,patient64655,0.0489676339285714,0.04896763392857143,0.04896763392857143,1.0,1.0
atel,patient64656_study1_view1_frontal,patient64656,0.3078089461713419,0.41336937822560826,0.26666666666666666,0.7571576621720116,1.0
atel,patient64658_study1_view1_frontal,patient64658,0.0,0.0,0.01992984693877551,0.7571462736880467,0.15001195790816327
atel,patient64659_study1_view1_frontal,patient64659,0.0,0.0,0.029336734693877552,0.5490228659087171,1.0
atel,patient64660_study1_view1_frontal,patient64660,0.0,0.0,0.03748804209183673,0.5498913687623125,0.15003188775510204
atel,patient64664_study1_view1_frontal,patient64664,0.0,0.12057557397959184,0.12057557397959184,1.0,0.15001195790816327
atel,patient64666_study1_view1_frontal,patient64666,0.0,0.07979910714285714,0.07979910714285714,1.0,1.0
atel,patient64667_study1_view1_frontal,patient64667,0.0205551857797267,0.24363233665559247,0.24363233665559247,0.4146419381994088,0.15021125637755103
atel,patient64668_study1_view1_frontal,patient64668,0.0,0.0,0.03005420918367347,0.549167375942864,1.0
atel,patient64669_study1_view1_frontal,patient64669,0.0,0.0,0.057517538265306124,0.7571519679300291,0.15001195790816327
atel,patient64670_study1_view1_frontal,patient64670,0.0,0.0966796875,0.0966796875,0.7571462736880467,0.15001195790816327
atel,patient64674_study1_view1_frontal,patient64674,0.0299455535390199,0.07216494845360824,0.0052614795918367345,0.7571462736880467,1.0
atel,patient64675_study1_view1_frontal,patient64675,0.0,0.05638153698979592,0.05638153698979592,1.0,0.15003188775510204
atel,patient64676_study1_view1_frontal,patient64676,0.0,0.037786989795918366,0.037786989795918366,1.0,0.15009167729591838
atel,patient64678_study1_view1_frontal,patient64678,0.0,0.0,0.02391581632653061,1.0,1.0
atel,patient64681_study1_view1_frontal,patient64681,0.0963807397959183,0.09638073979591837,0.09638073979591837,1.0,1.0
atel,patient64683_study1_view1_frontal,patient64683,0.0355149872448979,0.03551498724489796,0.03551498724489796,0.7571462736880467,1.0
atel,patient64684_study1_view1_frontal,patient64684,0.5202729827378563,0.5202729827378563,0.0496452487244898,0.7571690506559767,1.0
atel,patient64686_study1_view1_frontal,patient64686,0.0,0.020089285714285716,0.020089285714285716,0.7571462736880467,1.0
atel,patient64689_study1_view1_frontal,patient64689,0.0,0.035833864795918366,0.035833864795918366,0.7571462736880467,1.0
atel,patient64692_study1_view1_frontal,patient64692,0.310492505353319,0.2973923234690888,0.39264990328820115,0.39393751141651945,0.15025111607142858
atel,patient64693_study1_view1_frontal,patient64693,0.0,0.052614795918367346,0.052614795918367346,0.7571462736880467,1.0
atel,patient64694_study1_view1_frontal,patient64694,0.0511798469387755,0.05117984693877551,0.05117984693877551,0.5605255036853883,1.0
atel,patient64697_study1_view1_frontal,patient64697,0.0772480867346938,0.07724808673469388,0.07724808673469388,0.7571519679300291,1.0
atel,patient64699_study1_view1_frontal,patient64699,0.0,0.025908801020408163,0.025908801020408163,0.7571519679300291,1.0
atel,patient64701_study1_view1_frontal,patient64701,0.0,0.1279296875,0.1279296875,0.7571633564139942,1.0
atel,patient64702_study1_view1_frontal,patient64702,0.0674426020408163,0.06744260204081633,0.06744260204081633,1.0,1.0
atel,patient64714_study1_view1_frontal,patient64714,0.0921556122448979,0.09215561224489796,0.09215561224489796,0.7571462736880467,1.0
atel,patient64715_study1_view1_frontal,patient64715,0.0950570342205323,0.09505703422053231,0.043048469387755105,0.7571462736880467,1.0
atel,patient64717_study1_view1_frontal,patient64717,0.0587531887755102,0.0,0.0587531887755102,1.0,1.0
atel,patient64722_study1_view1_frontal,patient64722,0.0,0.0,0.030911192602040817,0.7572089103498543,0.1502311862244898
atel,patient64725_study1_view1_frontal,patient64725,0.0376873405612244,0.03768734056122449,0.03768734056122449,1.0,1.0
atel,patient64734_study1_view1_frontal,patient64734,0.0647321428571428,0.06473214285714286,0.06473214285714286,0.5600162207949544,1.0
atel,patient64735_study1_view1_frontal,patient64735,0.0,0.02311862244897959,0.02311862244897959,0.7571462736880467,1.0
atel,patient64740_study1_view1_frontal,patient64740,0.0655691964285714,0.06556919642857142,0.06556919642857142,1.0,1.0
