finding,signal,auroc,q,cov,wrong_k,wrong_n,sys_delta,const_wrong
cardi,A1,0.6354679802955665,0.5,0.07692307692307693,1,5,0.0072360387405359244,0.1076923076923077
cardi,A1,0.6354679802955665,0.7,0.07692307692307693,1,5,0.0072360387405359244,0.1076923076923077
cardi,A2,0.270935960591133,0.5,1.0,7,65,0.15851652497336788,0.1076923076923077
cardi,A2,0.270935960591133,0.7,1.0,7,65,0.15851652497336788,0.1076923076923077
cardi,A3,0.45073891625615764,0.5,0.5846153846153846,4,38,0.09917994959640808,0.1076923076923077
cardi,A3,0.45073891625615764,0.7,0.8,5,52,0.13680671983188492,0.1076923076923077
cardi,A4,0.47044334975369456,0.5,0.0,0,0,0.0,0.1076923076923077
cardi,A4,0.47044334975369456,0.7,0.0,0,0,0.0,0.1076923076923077
ede,B1,0.35135135135135137,0.5,0.04878048780487805,0,2,0.0,0.0975609756097561
ede,B1,0.35135135135135137,0.7,0.07317073170731707,0,3,0.0077921434978838675,0.0975609756097561
ede,B2,0.5472972972972973,0.5,0.8048780487804879,3,33,0.03166546776329266,0.0975609756097561
ede,B2,0.5472972972972973,0.7,0.8780487804878049,3,36,0.04607976304145384,0.0975609756097561
ede,A1,0.6621621621621622,0.5,0.7073170731707317,4,29,0.029934510438750325,0.0975609756097561
ede,A1,0.6621621621621622,0.7,0.36585365853658536,3,15,0.01892363395759002,0.0975609756097561
