finding,key,patient,raw45,sys45,agree,prior45,cand_zs45,g2,sys45_sens,A1,A2,A3,A4,B1,B2,d
cardi,patient64541_study1_view1_frontal,patient64541,0.0800751879699248,0.0,0.5616180696458121,0.0,0.016018409890804,0.016018409890804,0.0897915823553217,1.0,0.15007174744897958,0.03309061415822394,3.512237375907836e-07,9.446054458618164,10.783544,-0.0800751879699248
cardi,patient64546_study1_view1_frontal,patient64546,0.0739995216836734,0.1928460342146189,0.4579862989407322,0.0,0.0904462052966165,0.0904462052966165,0.1559166876627194,0.41799921167738646,0.15001195790816327,0.033074294710805564,1.1801117583050329e-06,10.21666145324707,10.688817,0.11884651253094551
cardi,patient64548_study1_view1_frontal,patient64548,0.1486646677358622,0.4915474642392717,0.7894614473196749,0.0,0.0683869701726844,0.0683869701726844,0.5802631578947368,0.5775219498575672,0.3003798998445864,0.04438075317852817,6.462516771670418e-07,7.376999855041504,10.528461,0.34288279650340947
cardi,patient64549_study1_view1_frontal,patient64549,0.0,0.2629289511841469,0.4156381850810002,0.0,0.0632573341836734,0.0632573341836734,0.1602787456445993,0.3532636923313225,0.15001195790816327,0.025517872033025524,1.966852930508388e-07,7.5211100578308105,10.320069,0.2629289511841469
cardi,patient64552_study1_view1_frontal,patient64552,0.5444444444444444,0.5316184351554126,0.7352419476849266,0.54739336492891,0.6031746031746031,0.6031746031746031,0.5787249031349067,0.6383529205441667,0.4498699797746316,0.042511256310571795,2.5147619611500104e-06,8.702635765075684,10.446018,-0.01282600928903177
cardi,patient64553_study1_view1_frontal,patient64553,0.0678066037735849,0.1844877114586658,0.5829052291105862,0.0,0.0487839366515837,0.0487839366515837,0.1844877114586658,1.0,0.15001195790816327,0.02777450941247762,6.392272024152262e-07,8.848796844482422,10.621698,0.1166811076850809
cardi,patient64564_study1_view1_frontal,patient64564,0.0,0.3300663926651913,0.7571633564139942,0.0,0.0,0.0,0.3300663926651913,1.0,0.15009167729591838,0.03202393911963804,2.3883214156173283e-07,11.569519996643066,10.466624,0.3300663926651913
cardi,patient64565_study1_view1_frontal,patient64565,0.0433295324971493,0.2992052360916316,0.4418379237568701,0.0,0.0765006706908115,0.0765006706908115,0.4449648711943794,0.5178062764897873,0.0007311399135925557,0.0432844977658476,3.933705861016776e-07,7.877359867095947,10.394296,0.2558757035944823
cardi,patient64569_study1_view1_frontal,patient64569,0.1396902520498026,0.5565031982942431,0.3760781514472578,0.0,0.0799860893757607,0.0799860893757607,0.5409326424870466,0.34551018481159806,0.15001195790816327,0.01440957775645232,1.6156291929176045e-07,11.263466835021973,10.499915,0.41681294624444054
cardi,patient64572_study1_view1_frontal,patient64572,0.0463935574229691,0.3901734104046243,0.5611801223021191,0.0429887410440122,0.035849567099567,0.0429887410440122,0.6901041666666666,0.4417787903009547,0.15009167729591838,0.034892674998874426,1.3767970513558717e-06,12.30650520324707,10.443305,0.3437798529816552
cardi,patient64580_study1_view1_frontal,patient64580,0.4636542239685658,0.52,0.722862979403667,0.0,0.1292062046990441,0.1292062046990441,0.5829228243021346,0.6372116701364237,0.6429117101386009,0.06540040665097234,1.264405455326821e-06,7.093650817871094,10.4791765,0.0563457760314342
cardi,patient64585_study1_view1_frontal,patient64585,0.0561947717231222,0.7009668508287292,0.4315209440667699,0.4111349036402569,0.0559065934065934,0.4111349036402569,0.5046649703138253,0.5347908317676471,0.005879208979155532,0.017369187871425523,1.5453844453994478e-07,9.629154205322266,10.357523,0.6447720791056071
cardi,patient64592_study1_view1_frontal,patient64592,0.2992125984251969,0.4012671594508976,0.5257700567395333,0.0,0.1733746130030959,0.1733746130030959,0.4240170031880977,0.4453857920384608,0.3891298329796069,0.0622970688784277,1.5453844453994479e-06,8.194621086120605,10.368064,0.10205456102570071
cardi,patient64596_study1_view1_frontal,patient64596,0.106519124368535,0.2654554034922133,0.5771906364236458,0.0,0.1046919885094159,0.1046919885094159,0.3062875635691169,0.46328166245815205,0.19549528114838607,0.02871824723983747,4.565908588680187e-07,8.481992721557617,10.252916,0.1589362791236783
cardi,patient64603_study1_view1_frontal,patient64603,0.091765873015873,0.5332594235033259,0.6821251974731943,0.5007363770250368,0.3318460680423871,0.5007363770250368,0.6210167842374118,0.6354116045582601,0.20268434928497245,0.07547481757067416,4.49566384116203e-07,6.9626054763793945,10.313356,0.44149355048745287
cardi,patient64606_study1_view1_frontal,patient64606,0.105406746031746,0.1072432432432432,0.3458606751917752,0.0538641686182669,0.0975765306122449,0.0538641686182669,0.1072432432432432,0.6600127551020408,0.15001195790816327,0.02718063351778767,1.4470417988740284e-06,9.0446195602417,10.642345,0.0018364972114972011
cardi,patient64609_study1_view1_frontal,patient64609,0.1605839416058394,0.3861082737487232,0.5589994734006077,0.0,0.0852180803645128,0.0852180803645128,0.4228804902962206,0.5737168724868973,0.26717171717171717,0.04906328585579953,2.5288109106536417e-07,7.382804870605469,10.652511,0.2255243321428838
cardi,patient64610_study1_view1_frontal,patient64610,0.4026748308088946,0.5055555555555555,0.7407060115849765,0.0,0.1593495934959349,0.1593495934959349,0.5121951219512195,0.5754622701099316,0.6276354200454103,0.060093221445826406,4.6080554371910805e-06,7.613677978515625,10.372632,0.10288072474666093
cardi,patient64611_study1_view1_frontal,patient64611,0.065340909090909,0.0601503759398496,0.3370903494009138,0.0666111573688592,0.0722765363128491,0.0722765363128491,0.0606980273141122,0.43321204741844577,0.09671546136479499,0.049250033723320874,2.2970032438437246e-06,9.885629653930664,10.465189,-0.005190533151059405
cardi,patient64612_study1_view1_frontal,patient64612,0.064273756377551,0.1456491970621187,0.5757217324826838,0.0,0.064273756377551,0.0,0.090549191374663,0.39505902379912533,0.049108386737252714,0.034249944011575856,6.322027276634104e-08,11.123231887817383,10.51863,0.0813754406845677
cardi,patient64617_study1_view1_frontal,patient64617,0.0799632352941176,0.1219988288112434,0.3403374992025673,0.5211678832116788,0.1122881355932203,0.5211678832116788,0.1869488536155202,0.32094329077937117,0.11322149139014116,0.04402407497127733,1.6156291929176045e-07,8.153799057006836,10.581872,0.0420355935171258
cardi,patient64621_study1_view1_frontal,patient64621,0.1298554860088365,0.2013689118143041,0.3168547376702521,0.0,0.0,0.0,0.1614869505494505,0.4191297917778819,0.15003188775510204,0.02767907914236295,4.3551743461257167e-07,9.807579040527344,10.424499,0.0715134258054676
cardi,patient64622_study1_view1_frontal,patient64622,0.0548867984693877,0.3741225573894897,0.5741744442744908,0.0,0.0548867984693877,0.0548867984693877,0.4150705114712692,0.4446550081376145,0.0,0.04785143354714074,2.3883214156173283e-07,9.164085388183594,10.369595,0.319235758920102
cardi,patient64623_study1_view1_frontal,patient64623,0.3659574468085106,0.5953976764968723,0.5985496519054051,0.0,0.108294930875576,0.108294930875576,0.6155988857938719,0.6300257631935373,0.23921633190648667,0.07268035380091023,1.9809018800120194e-06,9.322101593017578,10.425837,0.22944022968836164
cardi,patient64624_study1_view1_frontal,patient64624,0.048425983329889,0.5,0.3808210764766227,0.0,0.0317324185248713,0.0317324185248713,0.4371014492753623,0.47619560171414577,0.036848267787037675,0.05557027338886403,2.458566163135485e-06,7.790106773376465,10.707675,0.451574016670111
cardi,patient64626_study1_view1_frontal,patient64626,0.0767270923520923,0.365625,0.3127719110371942,0.2168505045763905,0.0830161982825917,0.0830161982825917,0.386034629577065,0.3926487605350769,0.10442620548145977,0.04164020874985167,4.49566384116203e-07,8.87718391418457,10.5082,0.2888979076479077
cardi,patient64630_study1_view1_frontal,patient64630,0.0988319856244384,0.2767762460233298,0.4577661104001988,0.0,0.0818452380952381,0.0818452380952381,0.3052631578947368,0.25917341124358717,0.15001195790816327,0.05250318274593048,3.385796830375154e-06,8.66282844543457,10.488565,0.17794426039889139
cardi,patient64633_study1_view1_frontal,patient64633,0.4691995573589081,0.3448632974316487,0.8413239472870958,0.5249690466364012,0.6366042345276873,0.6366042345276873,0.4116920543433511,0.7298539931703047,0.32012275317843053,0.06266064600467763,7.586432731960926e-07,6.502398490905762,10.632485,-0.12433625992725944
cardi,patient64636_study1_view1_frontal,patient64636,0.1004720853858784,0.1206561623138355,0.3864716978104404,0.0,0.0887418419144307,0.0887418419144307,0.1135204081632653,1.0,0.15001195790816327,0.034276836859723187,3.1610136383170525e-07,8.790637969970703,10.360507,0.020184076927957095
cardi,patient64639_study1_view1_frontal,patient64639,0.2706766917293233,0.2857142857142857,0.3968260503575088,0.0,0.1299126637554585,0.1299126637554585,0.461038961038961,0.4171636258365991,0.29874159627650404,0.0467817674445477,1.3767970513558717e-06,9.331550598144531,10.2834635,0.015037593984962405
cardi,patient64641_study1_view1_frontal,patient64641,0.3451626099406831,0.4483775811209439,0.5899081047612387,0.0,0.1849250936329588,0.1849250936329588,0.3834217246120605,0.5274760685651374,0.6094851527451399,0.05362923900620699,6.603006266706732e-07,8.702265739440918,10.370178,0.1032149711802608
cardi,patient64642_study1_view1_frontal,patient64642,0.54859287054409,0.5257928926251433,0.7679295026002096,0.539974884889075,0.5718539102818578,0.5718539102818578,0.5007150153217569,0.6457106415218926,0.4087167976056865,0.06750533221079351,3.2734052343461027e-06,6.67607307434082,10.517221,-0.022799977918946723
cardi,patient64644_study1_view1_frontal,patient64644,0.0817454268292682,0.389171974522293,0.632968068838528,0.0,0.06875,0.06875,0.4766666666666667,0.5144695749372973,0.12221477010209404,0.0702723980670864,1.5453844453994479e-06,7.084227561950684,10.55718,0.3074265476930248
cardi,patient64646_study1_view1_frontal,patient64646,0.1877784850413749,0.2561074918566775,0.5733574239796216,0.0,0.1285607993197279,0.1285607993197279,0.2901259650548558,0.43975627405650697,0.1501514668367347,0.04038329873612898,1.0325977885169039e-06,8.36790943145752,10.4494095,0.06832900681530263
cardi,patient64647_study1_view1_frontal,patient64647,0.0,0.0834861288265306,0.4231306033362895,0.0,0.1056547619047619,0.1056547619047619,0.0834861288265306,1.0,0.15001195790816327,0.02467629077019782,9.62353040998747e-07,9.7034273147583,10.495098,0.0834861288265306
cardi,patient64650_study1_view1_frontal,patient64650,0.6643567339560108,0.6746987951807228,0.7509151536887271,0.0,0.096260162601626,0.096260162601626,0.7469191463781184,0.680963215351969,0.31668707364002097,0.06344631185864055,3.0907688907988956e-07,6.654456615447998,10.512298,0.01034206122471204
cardi,patient64654_study1_view1_frontal,patient64654,0.0998225377107364,0.3469387755102041,0.6740449994285251,0.0,0.0974025974025974,0.0974025974025974,0.3333333333333333,0.5647192505078802,0.09397240377632535,0.03688938074161972,2.1073424255447017e-07,11.412239074707031,10.274165,0.24711623779946768
cardi,patient64655_study1_view1_frontal,patient64655,0.1101000909918107,0.2531522793404461,0.3806992812273593,0.0,0.0982142857142857,0.0982142857142857,0.4311856652687762,0.3768692673108025,0.004537568397170693,0.03265604654666306,9.202061924878531e-07,8.082878112792969,10.170549,0.1430521883486354
cardi,patient64660_study1_view1_frontal,patient64660,0.1044642857142857,0.1974009900990099,0.7571462736880467,0.0512994260204081,0.0941891100702576,0.0941891100702576,0.2059277554800864,0.3059561091613701,0.15001195790816327,0.014585382509323041,1.0396222632687194e-06,10.60641098022461,10.217672,0.0929367043847242
cardi,patient64663_study1_view1_frontal,patient64663,0.1957831325301204,0.2381889763779527,0.6990353340947,0.1829268292682926,0.2112259970457902,0.2112259970457902,0.2729007633587786,0.48701535791507855,0.15968263749807426,0.04371964685236597,7.024474751815672e-09,9.11115550994873,10.228318,0.0424058438478323
cardi,patient64664_study1_view1_frontal,patient64664,0.3793103448275862,0.5239852398523985,0.76618842181355,0.3415251174557282,0.3819864720541118,0.3819864720541118,0.544769424008613,0.7510702068059596,0.4763165636952045,0.052738886447556504,3.3015031333533655e-06,5.933019638061523,10.302245,0.14467489502481234
cardi,patient64669_study1_view1_frontal,patient64669,0.0719866071428571,0.4364191251271617,0.5808978096235693,0.0,0.0677521008403361,0.0677521008403361,0.3388090349075975,0.3905192266005227,0.15001195790816327,0.04308203619845393,3.8634611134986197e-07,7.912296295166016,10.288741,0.3644325179843046
cardi,patient64671_study1_view1_frontal,patient64671,0.6713218577460215,0.5982633863965268,0.7228513278419424,0.0,0.1112929623567921,0.1112929623567921,0.6431838975297347,0.6575980331413357,0.43474947609068393,0.05273538808562519,8.850838187287746e-07,6.366616725921631,10.482064,-0.07305847134949472
cardi,patient64672_study1_view1_frontal,patient64672,0.455494071146245,0.5679555895865237,0.752965185304304,0.0,0.1102564102564102,0.1102564102564102,0.6132985134592206,0.752766076181771,0.43172099211251547,0.06253599829304286,4.551859639176556e-06,5.520986557006836,10.35587,0.11246151844027868
cardi,patient64673_study1_view1_frontal,patient64673,0.1480508870214752,0.6163029285581049,0.5605725916018751,0.0,0.1104965156794425,0.1104965156794425,0.5683369077792942,0.583706868828499,0.2273950264981655,0.049229458171220083,5.170013417336334e-06,6.623601913452148,10.349413,0.4682520415366297
cardi,patient64674_study1_view1_frontal,patient64674,0.435578502698897,0.3551293900184843,0.6066399688255626,0.0,0.1351313038239359,0.1351313038239359,0.4258741258741259,0.47436026107546364,0.530009139839545,0.029243912374956344,1.3557236271004247e-06,5.633644104003906,10.216307,-0.08044911268041266
cardi,patient64675_study1_view1_frontal,patient64675,0.1108647450110864,0.5871776244097349,0.5036290464090943,0.0,0.1163641686182669,0.1163641686182669,0.4819059107358263,0.5118568463344009,0.0671250354408846,0.039531347409946904,4.003950608534933e-07,13.706260681152344,10.3592615,0.47631287939864847
cardi,patient64676_study1_view1_frontal,patient64676,0.4260756192959583,0.5502676977989293,0.6527537368730391,0.3628691983122363,0.4290084119296456,0.4290084119296456,0.5889351576442594,0.4931042900656336,0.3365888306845423,0.07101539194476622,5.057621821307283e-07,6.862539291381836,10.503786,0.12419207850297098
cardi,patient64684_study1_view1_frontal,patient64684,0.1570566948130277,0.4679675994108984,0.4685846978360939,0.0500438456632653,0.1547249334516415,0.1547249334516415,0.4361347649018882,0.4779678260476258,0.34117227863887406,0.03307946806005882,3.6948737194550435e-06,11.890121459960938,10.208844,0.3109109045978707
cardi,patient64687_study1_view1_frontal,patient64687,0.2851437699680511,0.2116013071895424,0.4628429790304786,0.2851437699680511,0.3422053231939163,0.3422053231939163,0.2739147909967845,0.32807262576649376,0.15001195790816327,0.0435286761036047,1.629678142421236e-06,8.604982376098633,10.280631,-0.07354246277850868
cardi,patient64689_study1_view1_frontal,patient64689,0.2647058823529412,0.2647058823529412,1.0,0.0,0.057618437900128,0.057618437900128,0.2709328239414199,0.4157697237692929,0.15001195790816327,0.04528540249686748,4.200635901585771e-06,10.549064636230469,10.272932,0.0
cardi,patient64691_study1_view1_frontal,patient64691,0.0715825123152709,0.445859872611465,0.419361179259401,0.0,0.0666061879297173,0.0666061879297173,0.543118799287713,0.4355596176964527,0.15001195790816327,0.021014639505869466,8.14839071210618e-07,11.164163589477539,10.419364,0.3742773602961941
cardi,patient64692_study1_view1_frontal,patient64692,0.4485520640788663,0.5676855895196506,0.7334701402520507,0.1970187945560596,0.2079383886255924,0.2079383886255924,0.5966646077825818,0.6448932250711047,0.351632579834948,0.028730389739868006,1.8685102839829687e-06,9.294836044311523,10.235664,0.11913352544078437
cardi,patient64693_study1_view1_frontal,patient64693,0.0,0.3242166755177907,0.7572430758017493,0.0728435905612244,0.0,0.0,0.5560175054704595,0.4821587233388522,0.11583784184391907,0.034221363040414794,5.900558791525164e-07,10.690357208251953,10.289206,0.3242166755177907
cardi,patient64698_study1_view1_frontal,patient64698,0.2936665719965918,0.353656634960237,0.4430141254753741,0.1278101084183673,0.3078437019969278,0.3078437019969278,0.4277263764598817,0.4809228430025696,0.2969785658948093,0.05197386512146671,9.834264652541942e-08,7.591100692749023,10.192761,0.05999006296364523
cardi,patient64700_study1_view1_frontal,patient64700,0.4982775590551181,0.6314878892733564,0.7391167545952588,0.0,0.15904509952129,0.15904509952129,0.6014930678990402,0.6450453941938348,0.56,0.07244580307946405,3.2453073353388404e-06,5.851202011108398,10.394171,0.1332103302182383
cardi,patient64702_study1_view1_frontal,patient64702,0.1817125788250912,0.2989690721649484,0.3660717470676388,0.0,0.0881468658892128,0.0881468658892128,0.2829581993569132,0.48013229282139613,0.05258005873304433,0.052468211833458296,1.432992849370397e-06,6.715864181518555,10.387673,0.11725649333985719
cardi,patient64711_study1_view1_frontal,patient64711,0.2191273161984459,0.3949843260188088,0.383232003567067,0.0762914540816326,0.1035714285714285,0.1035714285714285,0.3949843260188088,0.45181357290121804,0.18702199795001181,0.03956475043426206,3.231258385835209e-07,7.242365837097168,10.268281,0.1758570098203629
cardi,patient64712_study1_view1_frontal,patient64712,0.1623542274052478,0.0049627791563275,0.4591395163849129,0.0,0.1544729542302357,0.1544729542302357,0.0049627791563275,0.6600127551020408,0.15001195790816327,0.030286972075063794,1.6156291929176045e-07,9.527963638305664,10.3908825,-0.1573914482489203
cardi,patient64717_study1_view1_frontal,patient64717,0.4122245913290689,0.506454816285998,0.7650790850644833,0.4430512016718913,0.5555555555555556,0.5555555555555556,0.5390385271053528,0.7176425661801129,0.38983207233806977,0.037785371973347644,3.7510695174695686e-06,6.6620988845825195,10.494436,0.09423022495692907
cardi,patient64719_study1_view1_frontal,patient64719,0.1077731092436974,0.1404435058078141,0.491947708483959,0.0181430096051227,0.0817920918367346,0.0181430096051227,0.1976021955799509,0.424781750959744,0.15001195790816327,0.02507168410754419,4.07419535605309e-07,8.675350189208984,10.77615,0.03267039656411669
cardi,patient64722_study1_view1_frontal,patient64722,0.1856952887537994,0.3027390677558866,0.5784049048456344,0.0779257015306122,0.1678399725274725,0.1678399725274725,0.3162434115955918,0.49436097452238964,0.14154662623199393,0.05681353016837795,5.970803539043321e-07,9.450234413146973,10.275192,0.1170437790020872
cardi,patient64729_study1_view1_frontal,patient64729,0.4191937210132001,0.3576199149969641,0.6151017528766294,0.3900304414003044,0.4414414414414414,0.4414414414414414,0.4244865082561417,0.5039761587959853,0.4806727648273827,0.0631555733009979,3.2874541838497343e-06,6.986797332763672,10.290647,-0.06157380601623602
cardi,patient64732_study1_view1_frontal,patient64732,0.0,0.3242408646423057,0.5410766602111672,0.0767299107142857,0.0838414634146341,0.0838414634146341,0.3426807306405968,0.38168356254072605,0.15001195790816327,0.04902634540595047,1.327625728093162e-06,11.806964874267578,10.350438,0.3242408646423057
cardi,patient64738_study1_view1_frontal,patient64738,0.1254630638483329,0.5296508405690006,0.4426892402486668,0.0,0.0920935681965093,0.0920935681965093,0.5198498913687537,0.425860402635909,0.020995597697257028,0.026747596671758408,6.603006266706732e-07,10.898927688598633,10.41493,0.4041877767206677
eff,patient64545_study1_view1_frontal,patient64545,0.0326450892857142,0.5857142857142857,0.594926997355029,,,,,0.45236399267420424,1.0,0.07249482494079341,,4.167886734008789,10.455266,0.5530691964285716
eff,patient64548_study1_view1_frontal,patient64548,0.0263073979591836,0.0263073979591836,1.0,,,,,1.0,1.0,0.02570641550109665,,4.453967571258545,10.402462,0.0
eff,patient64552_study1_view1_frontal,patient64552,0.034438775510204,0.5,0.3998293617120188,,,,,0.5135978741226573,1.0,0.09084484897820727,,5.612481117248535,10.4094925,0.465561224489796
eff,patient64571_study1_view1_frontal,patient64571,0.0325255102040816,0.0325255102040816,1.0,,,,,1.0,1.0,0.030392786493301533,,5.089080333709717,10.443543,0.0
eff,patient64577_study1_view1_frontal,patient64577,0.044563137755102,0.3471698113207547,0.5059646499889269,,,,,0.3404105174523596,0.15001195790816327,0.05276865171284929,,5.595251083374023,10.429094,0.3026066735656527
eff,patient64580_study1_view1_frontal,patient64580,0.1200972576530612,0.7182455071580871,0.7002494652697915,,,,,0.514608437231367,0.15001195790816327,0.09370952601557823,,6.681168556213379,10.450402,0.5981482495050259
eff,patient64596_study1_view1_frontal,patient64596,0.035594706632653,0.035594706632653,1.0,,,,,1.0,1.0,0.04440919084171807,,9.589218139648438,10.478492,0.0
eff,patient64603_study1_view1_frontal,patient64603,0.0862763073979591,0.2278978388998035,0.7572259930758017,,,,,1.0,1.0,0.07593561733650932,,9.546908378601074,10.434394,0.1416215315018444
eff,patient64609_study1_view1_frontal,patient64609,0.0156050701530612,0.0156050701530612,1.0,,,,,1.0,1.0,0.041318300259506655,,5.615643501281738,10.871366,0.0
eff,patient64613_study1_view1_frontal,patient64613,0.0121771364795918,0.0121771364795918,1.0,,,,,1.0,1.0,0.03963578162930359,,6.027831077575684,10.918888,0.0
eff,patient64614_study1_view1_frontal,patient64614,0.0298947704081632,0.2560646900269542,1.0,,,,,1.0,1.0,0.048336077780892626,,3.9699831008911133,10.45765,0.22616991961879102
eff,patient64620_study1_view1_frontal,patient64620,0.1304408482142857,0.1880137498131819,0.3657531114190651,,,,,0.32880955168750375,0.15003188775510204,0.06247109633338575,,9.048179626464844,10.486178,0.05757290159889619
eff,patient64623_study1_view1_frontal,patient64623,0.0968989158163265,0.248074584515606,0.5738040330519476,,,,,0.6600127551020408,1.0,0.03192231695317188,,6.3161468505859375,10.322529,0.1511756686992795
eff,patient64630_study1_view1_frontal,patient64630,0.0543686224489795,0.0543686224489795,1.0,,,,,1.0,1.0,0.03795504155574413,,5.5650248527526855,10.448945,0.0
eff,patient64631_study1_view1_frontal,patient64631,0.0401187818877551,0.5409491810163797,1.0,,,,,0.6600207270408163,1.0,0.055320135150525994,,5.010287284851074,10.426682,0.5008303991286246
eff,patient64633_study1_view1_frontal,patient64633,0.1241914618369987,0.0,0.4844787532153202,,,,,0.4049793586271191,0.14254286147777273,0.11574027400203016,,5.884753227233887,10.43271,-0.1241914618369987
eff,patient64636_study1_view1_frontal,patient64636,0.0975765306122449,0.0975765306122449,0.7571462736880467,,,,,1.0,1.0,0.04571838517675921,,10.485167503356934,10.473545,0.0
eff,patient64639_study1_view1_frontal,patient64639,0.0728476821192053,0.2884452715276603,0.6583244650015087,,,,,0.5105373945174586,0.15003188775510204,0.03487561502077667,,4.441288948059082,10.317053,0.21559758940845503
eff,patient64640_study1_view1_frontal,patient64640,0.0281010841836734,0.314868804664723,0.4946440927232144,,,,,0.4199238978137993,1.0,0.05624568957881224,,7.919864654541016,10.543921,0.2867677204810496
eff,patient64643_study1_view1_frontal,patient64643,0.0,0.0130434782608695,0.5956647389973566,,,,,0.4836988073392403,0.22482511794371238,0.06642751289631926,,5.6755475997924805,10.5259285,0.0130434782608695
eff,patient64644_study1_view1_frontal,patient64644,0.0243941326530612,0.1111111111111111,0.757151967930029,,,,,0.4642881022701514,1.0,0.06085899579864911,,8.38228702545166,10.767717,0.0867169784580499
eff,patient64645_study1_view1_frontal,patient64645,0.0279815051020408,0.375,0.6539438787560302,,,,,0.4068628980146757,0.15003188775510204,0.07411776997353806,,5.696516036987305,10.664673,0.3470184948979592
eff,patient64646_study1_view1_frontal,patient64646,0.0,0.3444444444444444,0.7571861333819241,,,,,0.6600127551020408,1.0,0.05741415027330681,,5.517919063568115,10.486196,0.3444444444444444
eff,patient64649_study1_view1_frontal,patient64649,0.1619537275064267,0.4472049689440994,1.0,,,,,1.0,1.0,0.039813680912774964,,5.357108116149902,10.907449,0.28525124143767266
eff,patient64650_study1_view1_frontal,patient64650,0.0340800382653061,0.3919239904988123,0.8473020447437113,,,,,0.6148353338580161,0.15007174744897958,0.03240111955232803,,6.533599853515625,10.452305,0.35784395223350624
eff,patient64654_study1_view1_frontal,patient64654,0.0300542091836734,0.0300542091836734,1.0,,,,,1.0,1.0,0.07079574293798023,,8.699454307556152,10.359082,0.0
eff,patient64655_study1_view1_frontal,patient64655,0.0077925701530612,0.0077925701530612,1.0,,,,,1.0,1.0,0.010890493240858933,,9.655010223388672,10.455037,0.0
eff,patient64660_study1_view1_frontal,patient64660,0.0442442602040816,0.6327543424317618,0.5737040440423865,,,,,0.6600127551020408,1.0,0.029883424539595638,,9.576311111450195,10.380533,0.5885100822276802
eff,patient64667_study1_view1_frontal,patient64667,0.0,0.1144552776600254,0.7571576621720116,,,,,0.6600127551020408,1.0,0.04539482725183959,,4.659878253936768,10.450737,0.1144552776600254
eff,patient64670_study1_view1_frontal,patient64670,0.0,0.128686327077748,1.0,,,,,0.6600924744897959,1.0,0.07370928328848292,,3.609160900115967,10.457153,0.128686327077748
eff,patient64673_study1_view1_frontal,patient64673,0.0,0.0149872448979591,1.0,,,,,1.0,1.0,0.03683139541238684,,3.3961963653564453,10.395976,0.0149872448979591
eff,patient64674_study1_view1_frontal,patient64674,0.0241151147959183,0.0241151147959183,1.0,,,,,1.0,1.0,0.020518887976817363,,8.775308609008789,10.266669,0.0
eff,patient64678_study1_view1_frontal,patient64678,0.0521763392857142,0.3741007194244604,0.4447634881849344,,,,,1.0,1.0,0.054318534089516896,,9.506669998168945,10.457142,0.3219243801387462
eff,patient64682_study1_view1_frontal,patient64682,0.0244140625,0.0244140625,0.7571519679300291,,,,,0.6600047831632654,1.0,0.06665053668671271,,7.409656524658203,10.526214,0.0
eff,patient64683_study1_view1_frontal,patient64683,0.0,0.0243542729591836,0.7571690506559767,,,,,1.0,1.0,0.027653741395759098,,4.979331970214844,10.342445,0.0243542729591836
eff,patient64684_study1_view1_frontal,patient64684,0.0918367346938775,0.28125,0.57022710495339,,,,,1.0,1.0,0.044775668143677796,,8.582103729248047,10.337676,0.1894132653061225
eff,patient64688_study1_view1_frontal,patient64688,0.051530993278566,0.1103309929789368,0.7768135374051504,,,,,0.7240071357667549,0.3747262773722628,0.0837135654130651,,4.258681297302246,10.545932,0.058799999700370795
eff,patient64689_study1_view1_frontal,patient64689,0.0,0.0125558035714285,0.7571519679300291,,,,,1.0,1.0,0.04534408116851604,,4.52390193939209,10.442299,0.0125558035714285
eff,patient64690_study1_view1_frontal,patient64690,0.0769491390306122,0.2801255735329631,0.7571747448979592,,,,,0.6600047831632654,1.0,0.036851685952788205,,8.7508544921875,10.439787,0.2031764345023509
eff,patient64691_study1_view1_frontal,patient64691,0.0,0.0311702806122449,0.7571462736880467,,,,,1.0,1.0,0.04671043187890568,,4.103806972503662,10.55814,0.0311702806122449
eff,patient64692_study1_view1_frontal,patient64692,0.0,0.0872093023255814,0.5755275260210384,,,,,0.4354669199564631,0.15001195790816327,0.032896987932441994,,4.620146751403809,10.358648,0.0872093023255814
eff,patient64694_study1_view1_frontal,patient64694,0.0679607780612244,0.034058448692595,0.7571519679300291,,,,,0.6600286989795918,1.0,0.08335558453882716,,8.640384674072266,10.439099,-0.0339023293686294
eff,patient64702_study1_view1_frontal,patient64702,0.0,0.0522161989795918,1.0,,,,,1.0,1.0,0.046583608879971226,,4.108761787414551,10.50678,0.0522161989795918
eff,patient64711_study1_view1_frontal,patient64711,0.0341996173469387,0.4348462664714494,0.4255824043684345,,,,,0.362340320454125,0.15001195790816327,0.03271190232255755,,7.896141052246094,10.457119,0.4006466491245107
eff,patient64715_study1_view1_frontal,patient64715,0.184654840777944,0.2210061039781098,0.7843811178092975,,,,,0.5988283418406177,0.15003188775510204,0.06523201736999865,,6.960030555725098,10.489956,0.036351263200165795
eff,patient64718_study1_view1_frontal,patient64718,0.0142299107142857,0.0,1.0,,,,,1.0,1.0,0.02191795607147516,,3.8829293251037598,10.550082,-0.0142299107142857
eff,patient64720_study1_view1_frontal,patient64720,0.0,0.0124362244897959,1.0,,,,,1.0,1.0,0.009288139223003103,,3.871265411376953,10.486663,0.0124362244897959
eff,patient64722_study1_view1_frontal,patient64722,0.0420918367346938,0.3322908522283033,0.7571462736880467,,,,,1.0,1.0,0.03820526110845297,,11.590739250183105,10.425648,0.2901990154936095
eff,patient64725_study1_view1_frontal,patient64725,0.0294762436224489,0.0294762436224489,1.0,,,,,1.0,1.0,0.026404713361909433,,8.053958892822266,10.587045,0.0
eff,patient64740_study1_view1_frontal,patient64740,0.0,0.0290178571428571,1.0,,,,,1.0,1.0,0.011833068781336916,,3.955249309539795,10.602857,0.0290178571428571
atel,patient64545_study1_view1_frontal,patient64545,0.0,0.1850481125092524,0.5723351406002857,0.0224210778061224,0.0,,,,,,,,,0.1850481125092524
atel,patient64546_study1_view1_frontal,patient64546,0.0,0.162046298942555,0.5617132902527548,0.0691964285714285,0.0,,,,,,,,,0.162046298942555
atel,patient64548_study1_view1_frontal,patient64548,0.0,0.6235606731620903,0.5007396689614355,0.0724649234693877,0.0,,,,,,,,,0.6235606731620903
atel,patient64552_study1_view1_frontal,patient64552,0.1238426469897071,0.3862482694970005,0.4189430093398166,0.4757491504479456,0.1270320169315981,,,,,,,,,0.2624056225072934
atel,patient64555_study1_view1_frontal,patient64555,0.0,0.1731343283582089,0.7571462736880467,0.031867825255102,0.0,,,,,,,,,0.1731343283582089
atel,patient64560_study1_view1_frontal,patient64560,0.0,0.4496056091148115,0.461986587732068,0.087531887755102,0.0,,,,,,,,,0.4496056091148115
atel,patient64561_study1_view1_frontal,patient64561,0.0,0.231578947368421,0.458471640942484,0.0586734693877551,0.0,,,,,,,,,0.231578947368421
atel,patient64564_study1_view1_frontal,patient64564,0.0,0.0927340170194195,0.4438994279352377,0.0298947704081632,0.0,,,,,,,,,0.0927340170194195
atel,patient64566_study1_view1_frontal,patient64566,0.0063576211734693,0.0,1.0,0.0063576211734693,0.0674133558748943,,,,,,,,,-0.0063576211734693
atel,patient64569_study1_view1_frontal,patient64569,0.043765943877551,0.212618841832325,1.0,0.043765943877551,0.0,,,,,,,,,0.16885289795477398
atel,patient64571_study1_view1_frontal,patient64571,0.0146484375,0.0621511922881785,0.5070302969932156,0.0146484375,0.0,,,,,,,,,0.0475027547881785
atel,patient64580_study1_view1_frontal,patient64580,0.1010443239795918,0.2107023411371237,0.381092513931868,0.1010443239795918,0.0,,,,,,,,,0.10965801715753189
atel,patient64582_study1_view1_frontal,patient64582,0.0,0.2342599192207175,0.6159474139775567,0.0,0.0,,,,,,,,,0.2342599192207175
atel,patient64583_study1_view1_frontal,patient64583,0.0,0.4222801680428799,0.7571462736880467,0.0,0.0,,,,,,,,,0.4222801680428799
atel,patient64592_study1_view1_frontal,patient64592,0.0,0.3294974508375819,0.4434627733613884,0.0,0.0,,,,,,,,,0.3294974508375819
atel,patient64603_study1_view1_frontal,patient64603,0.0,0.6462219411950679,0.7571462736880467,0.0572185905612244,0.0,,,,,,,,,0.6462219411950679
atel,patient64607_study1_view1_frontal,patient64607,0.0,0.0,0.407922183096284,0.0,0.0,,,,,,,,,0.0
atel,patient64608_study1_view1_frontal,patient64608,0.0,0.2076502732240437,0.3779046859640477,0.0621811224489795,0.0,,,,,,,,,0.2076502732240437
atel,patient64609_study1_view1_frontal,patient64609,0.0040656887755102,0.0032415941015699,0.4067242068967969,0.0040656887755102,0.0,,,,,,,,,-0.0008240946739402999
atel,patient64612_study1_view1_frontal,patient64612,0.0,0.2536997885835095,0.6795032190646235,0.0239158163265306,0.0,,,,,,,,,0.2536997885835095
atel,patient64614_study1_view1_frontal,patient64614,0.0,0.2380803011292346,0.4408307450143658,0.0,0.0,,,,,,,,,0.2380803011292346
atel,patient64619_study1_view1_frontal,patient64619,0.033462213010204,0.2061301308478222,0.5621735151471202,0.033462213010204,0.2423332279481505,,,,,,,,,0.1726679178376182
atel,patient64620_study1_view1_frontal,patient64620,0.0442442602040816,0.4066726780883679,0.3874337840907523,0.0442442602040816,0.0,,,,,,,,,0.36242841788428626
atel,patient64623_study1_view1_frontal,patient64623,0.0,0.2143104044244728,0.5224541255492672,0.0,0.0,,,,,,,,,0.2143104044244728
atel,patient64624_study1_view1_frontal,patient64624,0.2463898916967509,0.2098765432098765,0.4280453762113579,0.027782206632653,0.17985012489592,,,,,,,,,-0.0365133484868744
atel,patient64630_study1_view1_frontal,patient64630,0.0,0.3065710319296622,0.3804064257859496,0.0,0.0,,,,,,,,,0.3065710319296622
atel,patient64633_study1_view1_frontal,patient64633,0.261558784676354,0.3802634978041849,0.3637702141250851,0.2679296346414073,0.3638306968790081,,,,,,,,,0.11870471312783087
atel,patient64635_study1_view1_frontal,patient64635,0.0,0.2496755774720996,0.6803031676610984,0.0,0.0,,,,,,,,,0.2496755774720996
atel,patient64639_study1_view1_frontal,patient64639,0.0,0.296144016001778,0.4038503210570875,0.0,0.0,,,,,,,,,0.296144016001778
atel,patient64640_study1_view1_frontal,patient64640,0.2571955719557195,0.1785714285714285,0.4733286166299044,0.0327447385204081,0.2179640718562874,,,,,,,,,-0.07862414338429102
atel,patient64641_study1_view1_frontal,patient64641,0.3139208969168483,0.2581303777162024,0.6286791759813758,0.0582549426020408,0.2843460041903621,,,,,,,,,-0.05579051920064593
atel,patient64643_study1_view1_frontal,patient64643,0.2459016393442623,0.5005959475566151,0.5294232085951942,0.0735411352040816,0.2780996523754345,,,,,,,,,0.2546943082123528
atel,patient64644_study1_view1_frontal,patient64644,0.0262276785714285,0.0657206870799103,0.6086272184674323,0.0262276785714285,0.0,,,,,,,,,0.0394930085084818
atel,patient64648_study1_view1_frontal,patient64648,0.0234773596938775,0.0976213130352045,0.4498211739585364,0.0234773596938775,0.0,,,,,,,,,0.07414395334132699
atel,patient64649_study1_view1_frontal,patient64649,0.0352160395408163,0.2236708860759493,0.4277563057047786,0.0352160395408163,0.0,,,,,,,,,0.188454846535133
atel,patient64650_study1_view1_frontal,patient64650,0.0,0.2735768903993203,0.5035171662405126,0.0192522321428571,0.0,,,,,,,,,0.2735768903993203
atel,patient64652_study1_view1_frontal,patient64652,0.1548610221596003,0.120845921450151,0.3358734174322855,0.1361607142857142,0.1269700050838841,,,,,,,,,-0.0340151007094493
atel,patient64654_study1_view1_frontal,patient64654,0.2180166540499621,0.2348232154769846,0.475981077192702,0.0703722895408163,0.2214871659169092,,,,,,,,,0.0168065614270225
atel,patient64655_study1_view1_frontal,patient64655,0.0489676339285714,0.2059179788890811,0.3856977831166338,0.0489676339285714,0.0,,,,,,,,,0.1569503449605097
atel,patient64656_study1_view1_frontal,patient64656,0.3078089461713419,0.5613438230916437,0.4614466571514311,0.0730030293367346,0.3588005215123859,,,,,,,,,0.25353487692030174
atel,patient64658_study1_view1_frontal,patient64658,0.0,0.0793184488836662,0.3572323021837715,0.0,0.0,,,,,,,,,0.0793184488836662
atel,patient64659_study1_view1_frontal,patient64659,0.0,0.1512391930835734,0.4176442188202502,0.0,0.0,,,,,,,,,0.1512391930835734
atel,patient64660_study1_view1_frontal,patient64660,0.0,0.1711772665764546,0.393390911306263,0.0,0.0,,,,,,,,,0.1711772665764546
atel,patient64664_study1_view1_frontal,patient64664,0.0,0.3738400353513035,0.5811532087152836,0.1205755739795918,0.0,,,,,,,,,0.3738400353513035
atel,patient64666_study1_view1_frontal,patient64666,0.0,0.4407407407407407,0.3856842431995402,0.0,0.0,,,,,,,,,0.4407407407407407
atel,patient64667_study1_view1_frontal,patient64667,0.0205551857797267,0.1780359820089955,0.3635504682317744,0.0,0.030570814425603,,,,,,,,,0.1574807962292688
atel,patient64668_study1_view1_frontal,patient64668,0.0,0.3448648648648648,0.3876641402344788,0.0,0.0,,,,,,,,,0.3448648648648648
atel,patient64669_study1_view1_frontal,patient64669,0.0,0.5343239227340267,0.4591596436405659,0.0,0.0,,,,,,,,,0.5343239227340267
atel,patient64670_study1_view1_frontal,patient64670,0.0,0.1330301307561114,0.3560670424937547,0.0,0.0,,,,,,,,,0.1330301307561114
atel,patient64674_study1_view1_frontal,patient64674,0.0299455535390199,0.0375586854460093,0.4138093095754606,0.0,0.0,,,,,,,,,0.007613131906989399
atel,patient64675_study1_view1_frontal,patient64675,0.0,0.2417193697073641,0.3432390822849882,0.0,0.0,,,,,,,,,0.2417193697073641
atel,patient64676_study1_view1_frontal,patient64676,0.0,0.1876149601471489,0.5719937583971484,0.0377869897959183,0.0,,,,,,,,,0.1876149601471489
atel,patient64678_study1_view1_frontal,patient64678,0.0,0.2617039837161966,0.4362312774236558,0.0,0.0,,,,,,,,,0.2617039837161966
atel,patient64681_study1_view1_frontal,patient64681,0.0963807397959183,0.7097643097643098,0.6092616746239212,0.0963807397959183,0.0,,,,,,,,,0.6133835699683915
atel,patient64683_study1_view1_frontal,patient64683,0.0355149872448979,0.152733584032398,0.4476148290430166,0.0355149872448979,0.1932021466905187,,,,,,,,,0.1172185967875001
atel,patient64684_study1_view1_frontal,patient64684,0.5202729827378563,0.4612962962962963,0.4129703810251455,0.0496452487244898,0.3026896828582898,,,,,,,,,-0.058976686441559956
atel,patient64686_study1_view1_frontal,patient64686,0.0,0.2663551401869158,0.7571462736880467,0.0,0.0,,,,,,,,,0.2663551401869158
atel,patient64689_study1_view1_frontal,patient64689,0.0,0.0953416847948391,0.3753815664124819,0.0,0.0,,,,,,,,,0.0953416847948391
atel,patient64692_study1_view1_frontal,patient64692,0.310492505353319,0.3893865134358628,0.3585865593391756,0.1995974505199597,0.3041782729805014,,,,,,,,,0.07889400808254377
atel,patient64693_study1_view1_frontal,patient64693,0.0,0.1697453819271093,0.4106997279227104,0.0,0.0,,,,,,,,,0.1697453819271093
atel,patient64694_study1_view1_frontal,patient64694,0.0511798469387755,0.2755388940955951,0.4491260911151283,0.0511798469387755,0.0,,,,,,,,,0.22435904715681962
atel,patient64697_study1_view1_frontal,patient64697,0.0772480867346938,0.3434489402697495,0.5722549527440126,0.0772480867346938,0.0,,,,,,,,,0.2662008535350557
atel,patient64699_study1_view1_frontal,patient64699,0.0,0.0720366732154551,0.4139333025151523,0.0,0.0,,,,,,,,,0.0720366732154551
atel,patient64701_study1_view1_frontal,patient64701,0.0,0.2544853635505194,0.3575819309802208,0.0,0.0,,,,,,,,,0.2544853635505194
atel,patient64702_study1_view1_frontal,patient64702,0.0674426020408163,0.4136436230892083,0.4280771049471771,0.0674426020408163,0.0,,,,,,,,,0.346201021048392
atel,patient64714_study1_view1_frontal,patient64714,0.0921556122448979,0.2138283062645011,0.5728126354218669,0.0921556122448979,0.0,,,,,,,,,0.1216726940196032
atel,patient64715_study1_view1_frontal,patient64715,0.0950570342205323,0.2620347394540943,0.4115805723426365,0.0430484693877551,0.0594188703885079,,,,,,,,,0.16697770523356198
atel,patient64717_study1_view1_frontal,patient64717,0.0587531887755102,0.2608695652173913,0.4281867016412037,0.0587531887755102,0.3192488262910798,,,,,,,,,0.2021163764418811
atel,patient64722_study1_view1_frontal,patient64722,0.0,0.2358877325764743,0.7571462736880467,0.0,0.0,,,,,,,,,0.2358877325764743
atel,patient64725_study1_view1_frontal,patient64725,0.0376873405612244,0.0946393117140966,0.7571462736880467,0.0376873405612244,0.0,,,,,,,,,0.056951971152872205
atel,patient64734_study1_view1_frontal,patient64734,0.0647321428571428,0.3313535479837449,0.4077642450354126,0.0647321428571428,0.0,,,,,,,,,0.2666214051266021
atel,patient64735_study1_view1_frontal,patient64735,0.0,0.1696658097686375,0.7571462736880467,0.0231186224489795,0.0,,,,,,,,,0.1696658097686375
atel,patient64740_study1_view1_frontal,patient64740,0.0655691964285714,0.452319587628866,0.565020853216873,0.0655691964285714,0.5439814814814815,,,,,,,,,0.3867503912002946
ede,patient64543_study1_view1_frontal,patient64543,0.6665727170236753,0.3593556381660471,0.482272242253298,,,,,0.6600047831632654,0.15003188775510204,0.008952370794390853,,12.328189849853516,10.502312,-0.30721707885762817
ede,patient64552_study1_view1_frontal,patient64552,0.1466708402271609,0.4661487236403995,0.4574905381390109,,,,,0.23555558011667257,0.15001195790816327,0.019534500516195846,,8.370540618896484,10.187919,0.3194778834132386
ede,patient64555_study1_view1_frontal,patient64555,0.1132116565753365,0.1132116565753365,0.3683409474443962,,,,,1.0,1.0,0.007409309902688712,,13.783012390136719,10.382196,0.0
ede,patient64557_study1_view1_frontal,patient64557,0.0,0.0186633487380021,1.0,,,,,1.0,1.0,0.010381754576823658,,12.696355819702148,10.167668,0.0186633487380021
ede,patient64563_study1_view1_frontal,patient64563,0.0,0.0,1.0,,,,,1.0,1.0,0.004881400115877623,,15.586833000183105,10.212858,0.0
ede,patient64573_study1_view1_frontal,patient64573,0.0690569196428571,0.0,0.4458363239427642,,,,,1.0,1.0,0.006087864308512451,,13.237598419189453,10.274431,-0.0690569196428571
ede,patient64582_study1_view1_frontal,patient64582,0.1602735652691049,0.1602735652691049,0.2975224101582566,,,,,0.6600286989795918,0.15001195790816327,0.009226400110713738,,13.307243347167969,10.086343,0.0
ede,patient64589_study1_view1_frontal,patient64589,0.320640039692384,0.320640039692384,0.3182278886890262,,,,,0.6600127551020408,0.15060985331632654,0.004164463770826341,,11.723223686218262,10.066956,0.0
ede,patient64596_study1_view1_frontal,patient64596,0.0,0.0,0.3278780949318968,,,,,1.0,0.15001195790816327,0.009672929443335138,,14.34984302520752,10.0203705,0.0
ede,patient64600_study1_view1_frontal,patient64600,0.1698139025725232,0.0,0.5541571629575847,,,,,1.0,0.15003188775510204,0.004950482693673531,,18.785480499267578,10.008097,-0.1698139025725232
ede,patient64601_study1_view1_frontal,patient64601,0.0,0.319618366129994,0.5648034112136124,,,,,0.6600127551020408,1.0,0.0023921941048247876,,16.830129623413086,10.104472,0.319618366129994
ede,patient64603_study1_view1_frontal,patient64603,0.0,0.0,0.3461958916341119,,,,,0.42306968054984456,0.15001195790816327,0.0008949863880790336,,17.454551696777344,10.155925,0.0
ede,patient64609_study1_view1_frontal,patient64609,0.1192801339285714,0.4038461538461538,0.4599011400654234,,,,,1.0,1.0,0.009859332080803989,,12.167251586914062,10.979163,0.2845660199175824
ede,patient64610_study1_view1_frontal,patient64610,0.0,0.0,0.3003785986078842,,,,,0.45221981681531603,0.15001195790816327,0.01468841966248813,,15.187044143676758,10.431714,0.0
ede,patient64611_study1_view1_frontal,patient64611,0.0,0.0,0.4444727352513105,,,,,1.0,0.15001195790816327,0.01183492170624903,,10.384847640991211,10.467089,0.0
ede,patient64622_study1_view1_frontal,patient64622,0.0,0.0,0.3787639571666946,,,,,0.45955144198726783,0.15001195790816327,0.018117438310554474,,11.22852897644043,10.273666,0.0
ede,patient64623_study1_view1_frontal,patient64623,0.0,0.0,0.3498038691260628,,,,,0.6600127551020408,0.0,0.0206212229796964,,12.784123420715332,10.209443,0.0
ede,patient64633_study1_view1_frontal,patient64633,0.0740975300823306,0.2303024895154814,0.5654878778528504,,,,,0.6600127551020408,1.0,0.008106163208300366,,11.426319122314453,10.654044,0.15620495943315083
ede,patient64635_study1_view1_frontal,patient64635,0.0,0.0,0.4459207762737718,,,,,0.6600127551020408,0.1501514668367347,0.022957937502678716,,7.740571022033691,10.24452,0.0
ede,patient64640_study1_view1_frontal,patient64640,0.2607204116638079,0.2607204116638079,0.4249769354887022,,,,,0.6600047831632654,0.15003188775510204,0.010118248755754655,,13.303770065307617,10.481878,0.0
ede,patient64642_study1_view1_frontal,patient64642,0.0948660714285714,0.0948660714285714,0.4395054937352168,,,,,0.6600924744897959,1.0,0.006180143007486944,,12.906536102294922,10.299713,0.0
ede,patient64643_study1_view1_frontal,patient64643,0.2122668997668997,0.2122668997668997,0.3295061468872629,,,,,0.6600047831632654,0.15003188775510204,0.016771221892861767,,10.955133438110352,10.079596,0.0
ede,patient64650_study1_view1_frontal,patient64650,0.0,0.0506616709183673,0.4538624701022799,,,,,0.27396300395319423,0.15009167729591838,0.017726715407950157,,12.486881256103516,10.036319,0.0506616709183673
ede,patient64656_study1_view1_frontal,patient64656,0.1223257784367718,0.1223257784367718,0.3892599043326655,,,,,0.26714534939318,0.4282326155013756,0.013377594727629628,,14.935667037963867,10.040335,0.0
ede,patient64663_study1_view1_frontal,patient64663,0.0,0.0,0.6755863871928082,,,,,0.6600047831632654,0.15001195790816327,0.003865067615166341,,6.694108486175537,10.263978,0.0
ede,patient64664_study1_view1_frontal,patient64664,0.1488376488376488,0.2931434249751573,0.47069908229015,,,,,0.39598204227503364,0.15003188775510204,0.008150873950773291,,9.644638061523438,10.522924,0.14430577613750847
ede,patient64668_study1_view1_frontal,patient64668,0.0,0.0,0.4363438797947622,,,,,1.0,1.0,0.01047417299117582,,13.223661422729492,10.219278,0.0
ede,patient64669_study1_view1_frontal,patient64669,0.0401379742866102,0.2947726306842329,0.5910939356769542,,,,,0.3342799302213001,0.5727567115846652,0.017975108718136363,,16.72277069091797,10.351119,0.25463465639762267
ede,patient64672_study1_view1_frontal,patient64672,0.207186623740783,0.3892969569779643,0.5309272776240578,,,,,1.0,0.15001195790816327,0.0020200298829180846,,11.9429931640625,10.553635,0.1821103332371813
ede,patient64688_study1_view1_frontal,patient64688,0.2453910076495515,0.5282306966716076,0.6947599030411306,,,,,0.6246877196099508,0.3830960036747818,0.017313196732703033,,10.335206985473633,10.123597,0.28283968902205614
ede,patient64697_study1_view1_frontal,patient64697,0.196360558611934,0.196360558611934,0.4230217821428794,,,,,0.30188716298011153,0.5803946263643996,0.006161850054056823,,17.170345306396484,10.306903,0.0
ede,patient64698_study1_view1_frontal,patient64698,0.4507085882444048,0.4507085882444048,0.274859431152018,,,,,0.28800070147086887,0.15058992346938777,0.026393927377610312,,18.598567962646484,10.181345,0.0
ede,patient64712_study1_view1_frontal,patient64712,0.0972033843570367,0.0972033843570367,0.2823360428611714,,,,,1.0,0.1500518176020408,0.010665005091750219,,15.089752197265625,10.044251,0.0
ede,patient64714_study1_view1_frontal,patient64714,0.0,0.0,0.3583109165599739,,,,,1.0,0.15001195790816327,0.003569576574181215,,12.959371566772461,10.324141,0.0
ede,patient64715_study1_view1_frontal,patient64715,0.1616886171213546,0.2731722239216886,0.5498221952983505,,,,,0.43889639011772735,0.5498458376156218,0.027561728082726715,,14.393204689025879,10.119733,0.111483606800334
ede,patient64717_study1_view1_frontal,patient64717,0.2099822799763733,0.2099822799763733,0.4003032566568079,,,,,0.6600047831632654,0.15001195790816327,0.01088545421794193,,10.914305686950684,10.327818,0.0
ede,patient64723_study1_view1_frontal,patient64723,0.0615859938208033,0.0,0.5648151276437674,,,,,1.0,0.15003188775510204,0.012640457552932489,,12.561134338378906,10.092764,-0.0615859938208033
ede,patient64729_study1_view1_frontal,patient64729,0.1076604554865424,0.1076604554865424,0.3555144432947714,,,,,0.6600286989795918,0.15001195790816327,0.014304296847554725,,13.029106140136719,10.106883,0.0
ede,patient64732_study1_view1_frontal,patient64732,0.1148203274505634,0.3561821003621314,0.5515458590399808,,,,,0.29830205528282544,0.46335536547433903,0.010452715030011906,,11.923612594604492,10.268578,0.24136177291156796
ede,patient64733_study1_view1_frontal,patient64733,0.0280085123910208,0.0280085123910208,0.3707337553536751,,,,,1.0,0.15001195790816327,0.007958064576313382,,10.66891098022461,10.266017,0.0
ede,patient64738_study1_view1_frontal,patient64738,0.0,0.5909861064046086,0.463122100897989,,,,,1.0,0.15001195790816327,0.011351169716448497,,12.387937545776367,10.481886,0.5909861064046086
