order,shot_id,patient,study,clean_relpath,file_pass1,file_pass2,key
0,S086,patient64557,study1,CheXpert-v1.0-small/valid/patient64557/study1/view1_frontal.jpg,S086_1.jpg,S086_2.jpg,patient64557_study1_view1_frontal
1,S093,patient64655,study1,CheXpert-v1.0-small/valid/patient64655/study1/view1_frontal.jpg,S093_1.jpg,S093_2.jpg,patient64655_study1_view1_frontal
2,S068,patient64543,study1,CheXpert-v1.0-small/valid/patient64543/study1/view1_frontal.jpg,S068_1.jpg,S068_2.jpg,patient64543_study1_view1_frontal
3,S102,patient64552,study1,CheXpert-v1.0-small/valid/patient64552/study1/view1_frontal.jpg,S102_1.jpg,S102_2.jpg,patient64552_study1_view1_frontal
4,S047,patient64549,study1,CheXpert-v1.0-small/valid/patient64549/study1/view1_frontal.jpg,S047_1.jpg,S047_2.jpg,patient64549_study1_view1_frontal
5,S009,patient64624,study1,CheXpert-v1.0-small/valid/patient64624/study1/view1_frontal.jpg,S009_1.jpg,S009_2.jpg,patient64624_study1_view1_frontal
6,S032,patient64699,study1,CheXpert-v1.0-small/valid/patient64699/study1/view1_frontal.jpg,S032_1.jpg,S032_2.jpg,patient64699_study1_view1_frontal
7,S091,patient64622,study1,CheXpert-v1.0-small/valid/patient64622/study1/view1_frontal.jpg,S091_1.jpg,S091_2.jpg,patient64622_study1_view1_frontal
8,S033,patient64740,study1,CheXpert-v1.0-small/valid/patient64740/study1/view1_frontal.jpg,S033_1.jpg,S033_2.jpg,patient64740_study1_view1_frontal
9,S036,patient64678,study1,CheXpert-v1.0-small/valid/patient64678/study1/view1_frontal.jpg,S036_1.jpg,S036_2.jpg,patient64678_study1_view1_frontal
10,S051,patient64635,study1,CheXpert-v1.0-small/valid/patient64635/study1/view1_frontal.jpg,S051_1.jpg,S051_2.jpg,patient64635_study1_view1_frontal
11,S072,patient64701,study1,CheXpert-v1.0-small/valid/patient64701/study1/view1_frontal.jpg,S072_1.jpg,S072_2.jpg,patient64701_study1_view1_frontal
12,S064,patient64720,study1,CheXpert-v1.0-small/valid/patient64720/study1/view1_frontal.jpg,S064_1.jpg,S064_2.jpg,patient64720_study1_view1_frontal
13,S024,patient64729,study1,CheXpert-v1.0-small/valid/patient64729/study1/view1_frontal.jpg,S024_1.jpg,S024_2.jpg,patient64729_study1_view1_frontal
14,S073,patient64725,study1,CheXpert-v1.0-small/valid/patient64725/study1/view1_frontal.jpg,S073_1.jpg,S073_2.jpg,patient64725_study1_view1_frontal
15,S003,patient64674,study1,CheXpert-v1.0-small/valid/patient64674/study1/view1_frontal.jpg,S003_1.jpg,S003_2.jpg,patient64674_study1_view1_frontal
16,S082,patient64684,study1,CheXpert-v1.0-small/valid/patient64684/study1/view1_frontal.jpg,S082_1.jpg,S082_2.jpg,patient64684_study1_view1_frontal
17,S004,patient64645,study1,CheXpert-v1.0-small/valid/patient64645/study1/view1_frontal.jpg,S004_1.jpg,S004_2.jpg,patient64645_study1_view1_frontal
18,S048,patient64592,study1,CheXpert-v1.0-small/valid/patient64592/study1/view1_frontal.jpg,S048_1.jpg,S048_2.jpg,patient64592_study1_view1_frontal
19,S115,patient64714,study1,CheXpert-v1.0-small/valid/patient64714/study1/view1_frontal.jpg,S115_1.jpg,S115_2.jpg,patient64714_study1_view1_frontal
20,S116,patient64565,study1,CheXpert-v1.0-small/valid/patient64565/study1/view1_frontal.jpg,S116_1.jpg,S116_2.jpg,patient64565_study1_view1_frontal
21,S011,patient64612,study1,CheXpert-v1.0-small/valid/patient64612/study1/view1_frontal.jpg,S011_1.jpg,S011_2.jpg,patient64612_study1_view1_frontal
22,S050,patient64712,study1,CheXpert-v1.0-small/valid/patient64712/study1/view1_frontal.jpg,S050_1.jpg,S050_2.jpg,patient64712_study1_view1_frontal
23,S079,patient64671,study1,CheXpert-v1.0-small/valid/patient64671/study1/view1_frontal.jpg,S079_1.jpg,S079_2.jpg,patient64671_study1_view1_frontal
24,S090,patient64569,study1,CheXpert-v1.0-small/valid/patient64569/study1/view1_frontal.jpg,S090_1.jpg,S090_2.jpg,patient64569_study1_view1_frontal
25,S017,patient64585,study1,CheXpert-v1.0-small/valid/patient64585/study1/view1_frontal.jpg,S017_1.jpg,S017_2.jpg,patient64585_study1_view1_frontal
26,S111,patient64626,study1,CheXpert-v1.0-small/valid/patient64626/study1/view1_frontal.jpg,S111_1.jpg,S111_2.jpg,patient64626_study1_view1_frontal
27,S094,patient64609,study1,CheXpert-v1.0-small/valid/patient64609/study1/view1_frontal.jpg,S094_1.jpg,S094_2.jpg,patient64609_study1_view1_frontal
28,S108,patient64573,study1,CheXpert-v1.0-small/valid/patient64573/study1/view1_frontal.jpg,S108_1.jpg,S108_2.jpg,patient64573_study1_view1_frontal
29,S114,patient64639,study1,CheXpert-v1.0-small/valid/patient64639/study1/view1_frontal.jpg,S114_1.jpg,S114_2.jpg,patient64639_study1_view1_frontal
30,S013,patient64690,study1,CheXpert-v1.0-small/valid/patient64690/study1/view1_frontal.jpg,S013_1.jpg,S013_2.jpg,patient64690_study1_view1_frontal
31,S067,patient64682,study1,CheXpert-v1.0-small/valid/patient64682/study1/view1_frontal.jpg,S067_1.jpg,S067_2.jpg,patient64682_study1_view1_frontal
32,S049,patient64667,study1,CheXpert-v1.0-small/valid/patient64667/study1/view1_frontal.jpg,S049_1.jpg,S049_2.jpg,patient64667_study1_view1_frontal
33,S020,patient64600,study1,CheXpert-v1.0-small/valid/patient64600/study1/view1_frontal.jpg,S020_1.jpg,S020_2.jpg,patient64600_study1_view1_frontal
34,S075,patient64689,study1,CheXpert-v1.0-small/valid/patient64689/study1/view1_frontal.jpg,S075_1.jpg,S075_2.jpg,patient64689_study1_view1_frontal
35,S098,patient64715,study1,CheXpert-v1.0-small/valid/patient64715/study1/view1_frontal.jpg,S098_1.jpg,S098_2.jpg,patient64715_study1_view1_frontal
36,S081,patient64733,study1,CheXpert-v1.0-small/valid/patient64733/study1/view1_frontal.jpg,S081_1.jpg,S081_2.jpg,patient64733_study1_view1_frontal
37,S052,patient64560,study1,CheXpert-v1.0-small/valid/patient64560/study1/view1_frontal.jpg,S052_1.jpg,S052_2.jpg,patient64560_study1_view1_frontal
38,S119,patient64611,study1,CheXpert-v1.0-small/valid/patient64611/study1/view1_frontal.jpg,S119_1.jpg,S119_2.jpg,patient64611_study1_view1_frontal
39,S085,patient64646,study1,CheXpert-v1.0-small/valid/patient64646/study1/view1_frontal.jpg,S085_1.jpg,S085_2.jpg,patient64646_study1_view1_frontal
40,S121,patient64652,study1,CheXpert-v1.0-small/valid/patient64652/study1/view1_frontal.jpg,S121_1.jpg,S121_2.jpg,patient64652_study1_view1_frontal
41,S105,patient64711,study1,CheXpert-v1.0-small/valid/patient64711/study1/view1_frontal.jpg,S105_1.jpg,S105_2.jpg,patient64711_study1_view1_frontal
42,S078,patient64643,study1,CheXpert-v1.0-small/valid/patient64643/study1/view1_frontal.jpg,S078_1.jpg,S078_2.jpg,patient64643_study1_view1_frontal
43,S012,patient64664,study1,CheXpert-v1.0-small/valid/patient64664/study1/view1_frontal.jpg,S012_1.jpg,S012_2.jpg,patient64664_study1_view1_frontal
44,S026,patient64686,study1,CheXpert-v1.0-small/valid/patient64686/study1/view1_frontal.jpg,S026_1.jpg,S026_2.jpg,patient64686_study1_view1_frontal
45,S106,patient64619,study1,CheXpert-v1.0-small/valid/patient64619/study1/view1_frontal.jpg,S106_1.jpg,S106_2.jpg,patient64619_study1_view1_frontal
46,S123,patient64555,study1,CheXpert-v1.0-small/valid/patient64555/study1/view1_frontal.jpg,S123_1.jpg,S123_2.jpg,patient64555_study1_view1_frontal
47,S103,patient64718,study1,CheXpert-v1.0-small/valid/patient64718/study1/view1_frontal.jpg,S103_1.jpg,S103_2.jpg,patient64718_study1_view1_frontal
48,S008,patient64675,study1,CheXpert-v1.0-small/valid/patient64675/study1/view1_frontal.jpg,S008_1.jpg,S008_2.jpg,patient64675_study1_view1_frontal
49,S018,patient64698,study1,CheXpert-v1.0-small/valid/patient64698/study1/view1_frontal.jpg,S018_1.jpg,S018_2.jpg,patient64698_study1_view1_frontal
50,S038,patient64580,study1,CheXpert-v1.0-small/valid/patient64580/study1/view1_frontal.jpg,S038_1.jpg,S038_2.jpg,patient64580_study1_view1_frontal
51,S022,patient64633,study1,CheXpert-v1.0-small/valid/patient64633/study1/view1_frontal.jpg,S022_1.jpg,S022_2.jpg,patient64633_study1_view1_frontal
52,S053,patient64641,study1,CheXpert-v1.0-small/valid/patient64641/study1/view1_frontal.jpg,S053_1.jpg,S053_2.jpg,patient64641_study1_view1_frontal
53,S063,patient64722,study1,CheXpert-v1.0-small/valid/patient64722/study1/view1_frontal.jpg,S063_1.jpg,S063_2.jpg,patient64722_study1_view1_frontal
54,S041,patient64697,study1,CheXpert-v1.0-small/valid/patient64697/study1/view1_frontal.jpg,S041_1.jpg,S041_2.jpg,patient64697_study1_view1_frontal
55,S056,patient64636,study1,CheXpert-v1.0-small/valid/patient64636/study1/view1_frontal.jpg,S056_1.jpg,S056_2.jpg,patient64636_study1_view1_frontal
56,S058,patient64620,study1,CheXpert-v1.0-small/valid/patient64620/study1/view1_frontal.jpg,S058_1.jpg,S058_2.jpg,patient64620_study1_view1_frontal
57,S122,patient64669,study1,CheXpert-v1.0-small/valid/patient64669/study1/view1_frontal.jpg,S122_1.jpg,S122_2.jpg,patient64669_study1_view1_frontal
58,S059,patient64691,study1,CheXpert-v1.0-small/valid/patient64691/study1/view1_frontal.jpg,S059_1.jpg,S059_2.jpg,patient64691_study1_view1_frontal
59,S007,patient64546,study1,CheXpert-v1.0-small/valid/patient64546/study1/view1_frontal.jpg,S007_1.jpg,S007_2.jpg,patient64546_study1_view1_frontal
60,S031,patient64676,study1,CheXpert-v1.0-small/valid/patient64676/study1/view1_frontal.jpg,S031_1.jpg,S031_2.jpg,patient64676_study1_view1_frontal
61,S039,patient64668,study1,CheXpert-v1.0-small/valid/patient64668/study1/view1_frontal.jpg,S039_1.jpg,S039_2.jpg,patient64668_study1_view1_frontal
62,S040,patient64681,study1,CheXpert-v1.0-small/valid/patient64681/study1/view1_frontal.jpg,S040_1.jpg,S040_2.jpg,patient64681_study1_view1_frontal
63,S027,patient64572,study1,CheXpert-v1.0-small/valid/patient64572/study1/view1_frontal.jpg,S027_1.jpg,S027_2.jpg,patient64572_study1_view1_frontal
64,S112,patient64717,study1,CheXpert-v1.0-small/valid/patient64717/study1/view1_frontal.jpg,S112_1.jpg,S112_2.jpg,patient64717_study1_view1_frontal
65,S016,patient64735,study1,CheXpert-v1.0-small/valid/patient64735/study1/view1_frontal.jpg,S016_1.jpg,S016_2.jpg,patient64735_study1_view1_frontal
66,S055,patient64732,study1,CheXpert-v1.0-small/valid/patient64732/study1/view1_frontal.jpg,S055_1.jpg,S055_2.jpg,patient64732_study1_view1_frontal
67,S089,patient64688,study1,CheXpert-v1.0-small/valid/patient64688/study1/view1_frontal.jpg,S089_1.jpg,S089_2.jpg,patient64688_study1_view1_frontal
68,S107,patient64582,study1,CheXpert-v1.0-small/valid/patient64582/study1/view1_frontal.jpg,S107_1.jpg,S107_2.jpg,patient64582_study1_view1_frontal
69,S023,patient64656,study1,CheXpert-v1.0-small/valid/patient64656/study1/view1_frontal.jpg,S023_1.jpg,S023_2.jpg,patient64656_study1_view1_frontal
70,S043,patient64642,study1,CheXpert-v1.0-small/valid/patient64642/study1/view1_frontal.jpg,S043_1.jpg,S043_2.jpg,patient64642_study1_view1_frontal
71,S010,patient64541,study1,CheXpert-v1.0-small/valid/patient64541/study1/view1_frontal.jpg,S010_1.jpg,S010_2.jpg,patient64541_study1_view1_frontal
72,S029,patient64608,study1,CheXpert-v1.0-small/valid/patient64608/study1/view1_frontal.jpg,S029_1.jpg,S029_2.jpg,patient64608_study1_view1_frontal
73,S104,patient64561,study1,CheXpert-v1.0-small/valid/patient64561/study1/view1_frontal.jpg,S104_1.jpg,S104_2.jpg,patient64561_study1_view1_frontal
74,S070,patient64692,study1,CheXpert-v1.0-small/valid/patient64692/study1/view1_frontal.jpg,S070_1.jpg,S070_2.jpg,patient64692_study1_view1_frontal
75,S084,patient64630,study1,CheXpert-v1.0-small/valid/patient64630/study1/view1_frontal.jpg,S084_1.jpg,S084_2.jpg,patient64630_study1_view1_frontal
76,S037,patient64613,study1,CheXpert-v1.0-small/valid/patient64613/study1/view1_frontal.jpg,S037_1.jpg,S037_2.jpg,patient64613_study1_view1_frontal
77,S099,patient64738,study1,CheXpert-v1.0-small/valid/patient64738/study1/view1_frontal.jpg,S099_1.jpg,S099_2.jpg,patient64738_study1_view1_frontal
78,S042,patient64623,study1,CheXpert-v1.0-small/valid/patient64623/study1/view1_frontal.jpg,S042_1.jpg,S042_2.jpg,patient64623_study1_view1_frontal
79,S046,patient64670,study1,CheXpert-v1.0-small/valid/patient64670/study1/view1_frontal.jpg,S046_1.jpg,S046_2.jpg,patient64670_study1_view1_frontal
80,S054,patient64601,study1,CheXpert-v1.0-small/valid/patient64601/study1/view1_frontal.jpg,S054_1.jpg,S054_2.jpg,patient64601_study1_view1_frontal
81,S006,patient64548,study1,CheXpert-v1.0-small/valid/patient64548/study1/view1_frontal.jpg,S006_1.jpg,S006_2.jpg,patient64548_study1_view1_frontal
82,S002,patient64545,study1,CheXpert-v1.0-small/valid/patient64545/study1/view1_frontal.jpg,S002_1.jpg,S002_2.jpg,patient64545_study1_view1_frontal
83,S045,patient64553,study1,CheXpert-v1.0-small/valid/patient64553/study1/view1_frontal.jpg,S045_1.jpg,S045_2.jpg,patient64553_study1_view1_frontal
84,S095,patient64603,study1,CheXpert-v1.0-small/valid/patient64603/study1/view1_frontal.jpg,S095_1.jpg,S095_2.jpg,patient64603_study1_view1_frontal
85,S109,patient64610,study1,CheXpert-v1.0-small/valid/patient64610/study1/view1_frontal.jpg,S109_1.jpg,S109_2.jpg,patient64610_study1_view1_frontal
86,S061,patient64614,study1,CheXpert-v1.0-small/valid/patient64614/study1/view1_frontal.jpg,S061_1.jpg,S061_2.jpg,patient64614_study1_view1_frontal
87,S118,patient64654,study1,CheXpert-v1.0-small/valid/patient64654/study1/view1_frontal.jpg,S118_1.jpg,S118_2.jpg,patient64654_study1_view1_frontal
88,S057,patient64659,study1,CheXpert-v1.0-small/valid/patient64659/study1/view1_frontal.jpg,S057_1.jpg,S057_2.jpg,patient64659_study1_view1_frontal
89,S005,patient64673,study1,CheXpert-v1.0-small/valid/patient64673/study1/view1_frontal.jpg,S005_1.jpg,S005_2.jpg,patient64673_study1_view1_frontal
90,S025,patient64589,study1,CheXpert-v1.0-small/valid/patient64589/study1/view1_frontal.jpg,S025_1.jpg,S025_2.jpg,patient64589_study1_view1_frontal
91,S015,patient64577,study1,CheXpert-v1.0-small/valid/patient64577/study1/view1_frontal.jpg,S015_1.jpg,S015_2.jpg,patient64577_study1_view1_frontal
92,S071,patient64683,study1,CheXpert-v1.0-small/valid/patient64683/study1/view1_frontal.jpg,S071_1.jpg,S071_2.jpg,patient64683_study1_view1_frontal
93,S097,patient64666,study1,CheXpert-v1.0-small/valid/patient64666/study1/view1_frontal.jpg,S097_1.jpg,S097_2.jpg,patient64666_study1_view1_frontal
94,S113,patient64563,study1,CheXpert-v1.0-small/valid/patient64563/study1/view1_frontal.jpg,S113_1.jpg,S113_2.jpg,patient64563_study1_view1_frontal
95,S096,patient64644,study1,CheXpert-v1.0-small/valid/patient64644/study1/view1_frontal.jpg,S096_1.jpg,S096_2.jpg,patient64644_study1_view1_frontal
96,S069,patient64658,study1,CheXpert-v1.0-small/valid/patient64658/study1/view1_frontal.jpg,S069_1.jpg,S069_2.jpg,patient64658_study1_view1_frontal
97,S044,patient64734,study1,CheXpert-v1.0-small/valid/patient64734/study1/view1_frontal.jpg,S044_1.jpg,S044_2.jpg,patient64734_study1_view1_frontal
98,S110,patient64650,study1,CheXpert-v1.0-small/valid/patient64650/study1/view1_frontal.jpg,S110_1.jpg,S110_2.jpg,patient64650_study1_view1_frontal
99,S066,patient64617,study1,CheXpert-v1.0-small/valid/patient64617/study1/view1_frontal.jpg,S066_1.jpg,S066_2.jpg,patient64617_study1_view1_frontal
100,S060,patient64571,study1,CheXpert-v1.0-small/valid/patient64571/study1/view1_frontal.jpg,S060_1.jpg,S060_2.jpg,patient64571_study1_view1_frontal
101,S088,patient64606,study1,CheXpert-v1.0-small/valid/patient64606/study1/view1_frontal.jpg,S088_1.jpg,S088_2.jpg,patient64606_study1_view1_frontal
102,S021,patient64687,study1,CheXpert-v1.0-small/valid/patient64687/study1/view1_frontal.jpg,S021_1.jpg,S021_2.jpg,patient64687_study1_view1_frontal
103,S001,patient64660,study1,CheXpert-v1.0-small/valid/patient64660/study1/view1_frontal.jpg,S001_1.jpg,S001_2.jpg,patient64660_study1_view1_frontal
104,S077,patient64647,study1,CheXpert-v1.0-small/valid/patient64647/study1/view1_frontal.jpg,S077_1.jpg,S077_2.jpg,patient64647_study1_view1_frontal
105,S062,patient64702,study1,CheXpert-v1.0-small/valid/patient64702/study1/view1_frontal.jpg,S062_1.jpg,S062_2.jpg,patient64702_study1_view1_frontal
106,S101,patient64631,study1,CheXpert-v1.0-small/valid/patient64631/study1/view1_frontal.jpg,S101_1.jpg,S101_2.jpg,patient64631_study1_view1_frontal
107,S028,patient64723,study1,CheXpert-v1.0-small/valid/patient64723/study1/view1_frontal.jpg,S028_1.jpg,S028_2.jpg,patient64723_study1_view1_frontal
108,S120,patient64693,study1,CheXpert-v1.0-small/valid/patient64693/study1/view1_frontal.jpg,S120_1.jpg,S120_2.jpg,patient64693_study1_view1_frontal
109,S014,patient64719,study1,CheXpert-v1.0-small/valid/patient64719/study1/view1_frontal.jpg,S014_1.jpg,S014_2.jpg,patient64719_study1_view1_frontal
110,S092,patient64700,study1,CheXpert-v1.0-small/valid/patient64700/study1/view1_frontal.jpg,S092_1.jpg,S092_2.jpg,patient64700_study1_view1_frontal
111,S117,patient64564,study1,CheXpert-v1.0-small/valid/patient64564/study1/view1_frontal.jpg,S117_1.jpg,S117_2.jpg,patient64564_study1_view1_frontal
112,S019,patient64649,study1,CheXpert-v1.0-small/valid/patient64649/study1/view1_frontal.jpg,S019_1.jpg,S019_2.jpg,patient64649_study1_view1_frontal
113,S087,patient64648,study1,CheXpert-v1.0-small/valid/patient64648/study1/view1_frontal.jpg,S087_1.jpg,S087_2.jpg,patient64648_study1_view1_frontal
114,S035,patient64596,study1,CheXpert-v1.0-small/valid/patient64596/study1/view1_frontal.jpg,S035_1.jpg,S035_2.jpg,patient64596_study1_view1_frontal
115,S034,patient64663,study1,CheXpert-v1.0-small/valid/patient64663/study1/view1_frontal.jpg,S034_1.jpg,S034_2.jpg,patient64663_study1_view1_frontal
116,S080,patient64583,study1,CheXpert-v1.0-small/valid/patient64583/study1/view1_frontal.jpg,S080_1.jpg,S080_2.jpg,patient64583_study1_view1_frontal
117,S100,patient64640,study1,CheXpert-v1.0-small/valid/patient64640/study1/view1_frontal.jpg,S100_1.jpg,S100_2.jpg,patient64640_study1_view1_frontal
118,S030,patient64672,study1,CheXpert-v1.0-small/valid/patient64672/study1/view1_frontal.jpg,S030_1.jpg,S030_2.jpg,patient64672_study1_view1_frontal
119,S074,patient64621,study1,CheXpert-v1.0-small/valid/patient64621/study1/view1_frontal.jpg,S074_1.jpg,S074_2.jpg,patient64621_study1_view1_frontal
120,S083,patient64566,study1,CheXpert-v1.0-small/valid/patient64566/study1/view1_frontal.jpg,S083_1.jpg,S083_2.jpg,patient64566_study1_view1_frontal
121,S065,patient64694,study1,CheXpert-v1.0-small/valid/patient64694/study1/view1_frontal.jpg,S065_1.jpg,S065_2.jpg,patient64694_study1_view1_frontal
122,S076,patient64607,study1,CheXpert-v1.0-small/valid/patient64607/study1/view1_frontal.jpg,S076_1.jpg,S076_2.jpg,patient64607_study1_view1_frontal
