disease,baseline,n,mean45,d,CI,wrong,CP95UB,src
Cardi,center-field prior,65,0.0951,-0.113,"[-0.1524,-0.0756]",44/65,0.772,p21_final_eval.csv
Cardi,旧修复器零样本(cand_zs),65,0.1518,-0.0563,"[-0.0828,-0.0285]",21/65,0.431,p21_final_eval.csv
Cardi,gated_v2,65,0.1636,-0.0444,"[-0.0775,-0.0146]",24/65,0.478,p21_final_eval.csv
Cardi,PAIR-Loc 零接触(主配置),65,0.3666,0.1585,"[+0.1302,+0.1915]",7/65,0.193,p21_final_eval.csv
Cardi,PAIR-Loc early-stop(敏感性),65,0.3929,0.1849,"[+0.1572,+0.2170]",2/65,0.094,p21_final_eval.csv
Atel,center-field prior,73,0.0445,-0.0121,"[-0.0291,+0.0059]",9/73,0.184,p65_atel_photo.csv / p18_new_findings_atel.csv
Atel,"SAGE-selective(ss45,参考)",73,0.0566,0.0,"[+0.0000,+0.0000]",0/73,0.04,p65_atel_photo.csv / p18_new_findings_atel.csv
Atel,旧修复器零样本(cand_zs),73,0.0578,0.0012,"[-0.0132,+0.0146]",9/73,0.184,p65_atel_photo.csv / p18_new_findings_atel.csv
Atel,PAIR-Loc,73,0.0705,0.0139,"[-0.0018,+0.0290]",5/73,0.13,p65_atel_photo.csv / p18_new_findings_atel.csv
Atel,RectNet(主配置),73,0.2586,0.2019,"[+0.1739,+0.2299]",3/73,0.099,p65_atel_photo.csv / p18_new_findings_atel.csv
Effusion,center-field prior,50,0.0437,0.001,"[-0.0045,+0.0070]",3/50,0.14,p24_prior_eff.csv
Effusion,PAIR-Loc(主配置),50,0.1899,+0.1471,"[+0.1052,+0.1859]",1/50,0.09,p18_new_findings_eff.csv
Effusion,clean-teacher 上界(参考),50,0.2611,+0.2183,"[+0.1850,+0.2511]",0/50,0.058,p18_new_findings_eff.csv
Edema,center-field prior,41,0.1136,0.0014,"[-0.0252,+0.0286]",12/41,0.341,p24_prior_ede.csv
Edema,PAIR-Loc,41,0.1502,+0.0380,"[+0.0036,+0.0776]",8/41,0.275,p18_new_findings_ede.csv
Edema,RectNet+agree门+fallback(冻结系统),41,0.1695,+0.0573,"[+0.0242,+0.0902]",4/41,0.21,p21_final_summary.csv
Edema,RectNet 动作,41,0.1878,+0.0756,"[+0.0309,+0.1186]",11/41,0.326,p18_new_findings_ede.csv
Edema,clean-teacher 上界(参考),41,0.2491,+0.1369,"[+0.0856,+0.1846]",6/41,0.236,p18_new_findings_ede.csv
