key,patient,raw45_chk,prior45,field_ok,mm_frac
patient64543_study1_view1_frontal,patient64543,0.6665727170236753,0.5264227642276422,1,0.037428252551020405
patient64552_study1_view1_frontal,patient64552,0.14667084022716093,0.22731804586241275,1,0.06638632015306123
patient64555_study1_view1_frontal,patient64555,0.1132116565753365,0.03295454545454545,1,0.06688456632653061
patient64557_study1_view1_frontal,patient64557,0.0,0.09452726403061225,1,0.03708944515306122
patient64563_study1_view1_frontal,patient64563,0.0,0.04448341836734694,1,0.04219148596938776
patient64573_study1_view1_frontal,patient64573,0.06905691964285714,0.06905691964285714,1,0.041912468112244895
patient64582_study1_view1_frontal,patient64582,0.16027356526910497,0.0,1,0.036790497448979595
patient64589_study1_view1_frontal,patient64589,0.320640039692384,0.0,1,0.035813934948979595
patient64596_study1_view1_frontal,patient64596,0.0,0.0,1,0.037209024234693876
patient64600_study1_view1_frontal,patient64600,0.16981390257252327,0.0,1,0.036212531887755105
patient64601_study1_view1_frontal,patient64601,0.0,0.0,1,0.037428252551020405
patient64603_study1_view1_frontal,patient64603,0.0,0.11599170918367346,1,0.07973931760204081
patient64609_study1_view1_frontal,patient64609,0.11928013392857142,0.11928013392857142,1,0.03457828443877551
patient64610_study1_view1_frontal,patient64610,0.0,0.123046875,1,0.034299266581632654
patient64611_study1_view1_frontal,patient64611,0.0,0.09865274234693877,1,0.0936702806122449
patient64622_study1_view1_frontal,patient64622,0.0,0.06839923469387756,1,0.033322704081632654
patient64623_study1_view1_frontal,patient64623,0.0,0.09273357780612244,1,0.03276466836734694
patient64633_study1_view1_frontal,patient64633,0.0740975300823306,0.07810413885180241,1,0.08306760204081633
patient64635_study1_view1_frontal,patient64635,0.0,0.059072066326530615,1,0.03627232142857143
patient64640_study1_view1_frontal,patient64640,0.2607204116638079,0.1045719068877551,1,0.0362922512755102
patient64642_study1_view1_frontal,patient64642,0.09486607142857142,0.09486607142857142,1,0.09402901785714286
patient64643_study1_view1_frontal,patient64643,0.21226689976689977,0.06700414540816327,1,0.043287627551020405
patient64650_study1_view1_frontal,patient64650,0.0,0.050661670918367346,1,0.03677056760204082
patient64656_study1_view1_frontal,patient64656,0.12232577843677186,0.11830357142857142,1,0.03148915816326531
patient64663_study1_view1_frontal,patient64663,0.0,0.0,1,0.08304767219387756
patient64664_study1_view1_frontal,patient64664,0.14883764883764883,0.3416164053075995,1,0.09044164540816327
patient64668_study1_view1_frontal,patient64668,0.0,0.0887874681122449,1,0.03200733418367347
patient64669_study1_view1_frontal,patient64669,0.04013797428661022,0.09656010841836735,1,0.02991470025510204
patient64672_study1_view1_frontal,patient64672,0.20718662374078306,0.10140306122448979,1,0.031210140306122448
patient64688_study1_view1_frontal,patient64688,0.2453910076495515,0.45559021507141684,1,0.059869260204081634
patient64697_study1_view1_frontal,patient64697,0.196360558611934,0.1434948979591837,1,0.03264508928571429
patient64698_study1_view1_frontal,patient64698,0.45070858824440485,0.18582589285714285,1,0.031927614795918366
patient64712_study1_view1_frontal,patient64712,0.09720338435703675,0.03627232142857143,1,0.03392059948979592
patient64714_study1_view1_frontal,patient64714,0.0,0.08808992346938775,1,0.035235969387755105
patient64715_study1_view1_frontal,patient64715,0.16168861712135466,0.1246811224489796,1,0.038384885204081634
patient64717_study1_view1_frontal,patient64717,0.2099822799763733,0.06213364595545135,1,0.08876753826530612
patient64723_study1_view1_frontal,patient64723,0.0615859938208033,0.08801020408163265,1,0.031927614795918366
patient64729_study1_view1_frontal,patient64729,0.10766045548654245,0.21083723772662458,1,0.07352120535714286
patient64732_study1_view1_frontal,patient64732,0.11482032745056348,0.2184115523465704,1,0.0733219068877551
patient64733_study1_view1_frontal,patient64733,0.028008512391020802,0.07087585510822025,1,0.07696906887755102
patient64738_study1_view1_frontal,patient64738,0.0,0.15943877551020408,1,0.033103475765306124
