key,patient,raw45,prior45,cand_zs45,sage45,sage_pick,gated_v2_45,g2_pick,oracle45,gprior,gcand,frac,conflict,agree,dis_l1,s_support,ss_pick,ss45
patient64541_study1_view1_frontal,patient64541,0.0800751879699248,0.0,0.016018409890804,0.0800751879699248,0,0.016018409890804,2,0.0800751879699248,-0.0800751879699248,-0.0640567780791207,0.0245735011994838,0.8284708857536316,0.5434227043772688,0.0749853998422622,0.5138233304023743,0,0.0800751879699248
patient64546_study1_view1_frontal,patient64546,0.0739995216836734,0.0,0.0904462052966165,0.0739995216836734,0,0.0904462052966165,2,0.0904462052966165,-0.0739995216836734,0.016446683612943,0.0349768809974193,0.9990888237953186,0.4788520076073563,0.0760263130068779,0.5004193782806396,0,0.0739995216836734
patient64548_study1_view1_frontal,patient64548,0.1486646677358622,0.0,0.0683869701726844,0.1486646677358622,0,0.0683869701726844,2,0.1486646677358622,-0.1486646677358622,-0.0802776975631777,0.033641580492258,1.0,0.4393595537663363,0.0698169395327568,0.46910107135772705,0,0.1486646677358622
patient64549_study1_view1_frontal,patient64549,0.0,0.0,0.0632573341836734,0.0,0,0.0632573341836734,2,0.0632573341836734,0.0,0.0632573341836734,0.0297951214015483,1.0,0.5285167049166019,0.0676871314644813,0.47397559881210327,0,0.0
patient64552_study1_view1_frontal,patient64552,0.5444444444444444,0.54739336492891,0.6031746031746031,0.5444444444444444,0,0.6031746031746031,2,0.6031746031746031,0.0029489204844656,0.0587301587301587,0.0741788893938064,0.2374720871448516,0.7002625178136621,0.0399616956710815,0.8877902030944824,0,0.5444444444444444
patient64553_study1_view1_frontal,patient64553,0.0678066037735849,0.0,0.0487839366515837,0.0,1,0.0487839366515837,2,0.0678066037735849,-0.0678066037735849,-0.0190226671220012,0.0343191958963871,0.9276427030563354,0.5953078785009508,0.0708176791667938,0.5539824962615967,0,0.0678066037735849
patient64564_study1_view1_frontal,patient64564,0.0,0.0,0.0,0.0,1,0.0,2,0.0,0.0,0.0,0.0441246815025806,1.0,0.5373320032886468,0.0510751642286777,0.48367229104042053,0,0.0
patient64565_study1_view1_frontal,patient64565,0.0433295324971493,0.0,0.0765006706908115,0.0,1,0.0765006706908115,2,0.0765006706908115,-0.0433295324971493,0.0331711381936621,0.0379264988005161,0.9234343767166138,0.4559797657362357,0.0699744522571563,0.5531021952629089,0,0.0433295324971493
patient64569_study1_view1_frontal,patient64569,0.1396902520498026,0.0,0.0799860893757607,0.0,1,0.0799860893757607,2,0.1396902520498026,-0.1396902520498026,-0.0597041626740418,0.0430086106061935,0.8634611368179321,0.4697157507159002,0.0642464831471443,0.5766415596008301,0,0.1396902520498026
patient64572_study1_view1_frontal,patient64572,0.0463935574229691,0.0429887410440122,0.035849567099567,0.0463935574229691,0,0.0429887410440122,1,0.0463935574229691,-0.0034048163789569,-0.010543990323402,0.0476522631943225,0.2373296320438385,0.4513943720267865,0.0613217316567897,0.7261925935745239,0,0.0463935574229691
patient64580_study1_view1_frontal,patient64580,0.4636542239685658,0.0,0.1292062046990441,0.4636542239685658,0,0.1292062046990441,2,0.4636542239685658,-0.4636542239685658,-0.3344480192695217,0.0390425696969032,1.0,0.7930133781897696,0.0297317411750555,0.554985523223877,0,0.4636542239685658
patient64585_study1_view1_frontal,patient64585,0.0561947717231222,0.4111349036402569,0.0559065934065934,0.0561947717231222,0,0.4111349036402569,1,0.4111349036402569,0.3549401319171347,-0.0002881783165288,0.0850007981061935,0.1464625000953674,0.3675686896840457,0.0768086835741996,0.6590231657028198,0,0.0561947717231222
patient64592_study1_view1_frontal,patient64592,0.2992125984251969,0.0,0.1733746130030959,0.2992125984251969,0,0.1733746130030959,2,0.2992125984251969,-0.2992125984251969,-0.1258379854221009,0.0369897969067096,0.958210825920105,0.6630432706150231,0.0406866297125816,0.4846312403678894,0,0.2992125984251969
patient64596_study1_view1_frontal,patient64596,0.106519124368535,0.0,0.1046919885094159,0.0,1,0.1046919885094159,2,0.106519124368535,-0.106519124368535,-0.0018271358591191,0.0379065684974193,1.0,0.4476546345498113,0.048959482461214,0.5001901388168335,0,0.106519124368535
patient64603_study1_view1_frontal,patient64603,0.091765873015873,0.5007363770250368,0.3318460680423871,0.091765873015873,0,0.5007363770250368,1,0.5007363770250368,0.4089705040091638,0.240080195026514,0.0794204398989677,0.0618406198918819,0.5164084177411312,0.066920205950737,0.8618430495262146,0,0.091765873015873
patient64606_study1_view1_frontal,patient64606,0.105406746031746,0.0538641686182669,0.0975765306122449,0.105406746031746,0,0.0538641686182669,1,0.105406746031746,-0.051542577413479,-0.0078302154195011,0.0768295601010322,0.2351815998554229,0.5880314107342495,0.0642459616065025,0.7080173492431641,0,0.105406746031746
patient64609_study1_view1_frontal,patient64609,0.1605839416058394,0.0,0.0852180803645128,0.1605839416058394,0,0.0852180803645128,2,0.1605839416058394,-0.1605839416058394,-0.0753658612413265,0.0349569506943225,0.8854841589927673,0.4624142248116353,0.0917418003082275,0.5093007683753967,0,0.1605839416058394
patient64610_study1_view1_frontal,patient64610,0.4026748308088946,0.0,0.1593495934959349,0.4026748308088946,0,0.1593495934959349,2,0.4026748308088946,-0.4026748308088946,-0.2433252373129596,0.0333227030932903,1.0,0.7520491659285279,0.0329154171049594,0.5573689341545105,0,0.4026748308088946
patient64611_study1_view1_frontal,patient64611,0.065340909090909,0.0666111573688592,0.0722765363128491,0.065340909090909,0,0.0722765363128491,2,0.0722765363128491,0.0012702482779501,0.00693562722194,0.1105110049247741,0.4586437344551086,0.3569151866948059,0.0923171862959861,0.7682271003723145,0,0.065340909090909
patient64612_study1_view1_frontal,patient64612,0.064273756377551,0.0,0.064273756377551,0.0,1,0.0,1,0.064273756377551,-0.064273756377551,0.0,0.111328125,0.2812072038650512,0.3310492893409406,0.0959710106253624,0.8938650488853455,0,0.064273756377551
patient64617_study1_view1_frontal,patient64617,0.0799632352941176,0.5211678832116788,0.1122881355932203,0.0799632352941176,0,0.5211678832116788,1,0.5211678832116788,0.4412046479175612,0.0323249002991027,0.0989118292927742,0.2049540877342224,0.3677705770864541,0.0826871395111084,0.8184449076652527,0,0.0799632352941176
patient64621_study1_view1_frontal,patient64621,0.1298554860088365,0.0,0.0,0.0,1,0.0,2,0.1298554860088365,-0.1298554860088365,-0.1298554860088365,0.0310307722538709,1.0,0.3857304784952106,0.0861243233084678,0.5630058646202087,0,0.1298554860088365
patient64622_study1_view1_frontal,patient64622,0.0548867984693877,0.0,0.0548867984693877,0.0,1,0.0548867984693877,2,0.0548867984693877,-0.0548867984693877,0.0,0.0327248089015483,1.0,0.3665751731496198,0.0950969830155372,0.5531212687492371,0,0.0548867984693877
patient64623_study1_view1_frontal,patient64623,0.3659574468085106,0.0,0.108294930875576,0.3659574468085106,0,0.108294930875576,2,0.3659574468085106,-0.3659574468085106,-0.2576625159329345,0.0341996178030967,1.0,0.7579725048629741,0.043663814663887,0.5038853287696838,0,0.3659574468085106
patient64624_study1_view1_frontal,patient64624,0.048425983329889,0.0,0.0317324185248713,0.048425983329889,0,0.0317324185248713,2,0.048425983329889,-0.048425983329889,-0.0166935648050177,0.0351961106061935,0.7596355080604553,0.4605907114176538,0.0758389830589294,0.5494065284729004,0,0.048425983329889
patient64626_study1_view1_frontal,patient64626,0.0767270923520923,0.2168505045763905,0.0830161982825917,0.0767270923520923,0,0.0830161982825917,2,0.2168505045763905,0.1401234122242981,0.0062891059304993,0.1135204061865806,0.4621855914592743,0.4091139267083752,0.1032400727272033,0.7886515259742737,0,0.0767270923520923
patient64630_study1_view1_frontal,patient64630,0.0988319856244384,0.0,0.0818452380952381,0.0,1,0.0818452380952381,2,0.0988319856244384,-0.0988319856244384,-0.0169867475292003,0.0371691659092903,1.0,0.5038608614219574,0.0767205506563186,0.488145112991333,0,0.0988319856244384
patient64633_study1_view1_frontal,patient64633,0.4691995573589081,0.5249690466364012,0.6366042345276873,0.4691995573589081,0,0.6366042345276873,2,0.6366042345276873,0.055769489277493,0.1674046771687791,0.085459180176258,0.3725758194923401,0.8220341108133988,0.0441370718181133,0.8065264821052551,0,0.4691995573589081
patient64636_study1_view1_frontal,patient64636,0.1004720853858784,0.0,0.0887418419144307,0.0,1,0.0887418419144307,2,0.1004720853858784,-0.1004720853858784,-0.0117302434714477,0.0399593412876129,1.0,0.4722386523599351,0.0636252090334892,0.5159298777580261,0,0.1004720853858784
patient64639_study1_view1_frontal,patient64639,0.2706766917293233,0.0,0.1299126637554585,0.0,1,0.1299126637554585,2,0.2706766917293233,-0.2706766917293233,-0.1407640279738647,0.0381058678030967,1.0,0.7148683722654802,0.0425146371126174,0.46535083651542664,0,0.2706766917293233
patient64641_study1_view1_frontal,patient64641,0.3451626099406831,0.0,0.1849250936329588,0.3451626099406831,0,0.1849250936329588,2,0.3451626099406831,-0.3451626099406831,-0.1602375163077243,0.0383649542927742,1.0,0.5133774388395208,0.0624579600989818,0.4923410415649414,0,0.3451626099406831
patient64642_study1_view1_frontal,patient64642,0.54859287054409,0.539974884889075,0.5718539102818578,0.54859287054409,0,0.5718539102818578,2,0.5718539102818578,-0.008617985655015,0.0232610397377678,0.0982142835855484,0.1765570640563964,0.6911089771529114,0.0538627058267593,0.8263517618179321,0,0.54859287054409
patient64644_study1_view1_frontal,patient64644,0.0817454268292682,0.0,0.06875,0.0817454268292682,0,0.06875,2,0.0817454268292682,-0.0817454268292682,-0.0129954268292682,0.0388831309974193,1.0,0.3707691770807335,0.0934554040431976,0.4760533273220062,0,0.0817454268292682
patient64646_study1_view1_frontal,patient64646,0.1877784850413749,0.0,0.1285607993197279,0.0,1,0.1285607993197279,2,0.1877784850413749,-0.1877784850413749,-0.059217685721647,0.0340999662876129,0.8534811735153198,0.4741680057111164,0.0481930337846279,0.5749430656433105,0,0.1877784850413749
patient64647_study1_view1_frontal,patient64647,0.0,0.0,0.1056547619047619,0.0,0,0.1056547619047619,2,0.1056547619047619,0.0,0.1056547619047619,0.0321667715907096,0.820304274559021,0.5582803708006744,0.0518446750938892,0.4872400462627411,0,0.0
patient64650_study1_view1_frontal,patient64650,0.6643567339560108,0.0,0.096260162601626,0.6643567339560108,0,0.096260162601626,2,0.6643567339560108,-0.6643567339560108,-0.5680965713543847,0.0377471297979354,1.0,0.7388829502096294,0.0349210314452648,0.5594691038131714,0,0.6643567339560108
patient64654_study1_view1_frontal,patient64654,0.0998225377107364,0.0,0.0974025974025974,0.0,1,0.0974025974025974,2,0.0998225377107364,-0.0998225377107364,-0.002419940308139,0.0357342138886451,0.9877951741218568,0.2629733587377562,0.0769184008240699,0.4751148521900177,0,0.0998225377107364
patient64655_study1_view1_frontal,patient64655,0.1101000909918107,0.0,0.0982142857142857,0.1101000909918107,0,0.0982142857142857,2,0.1101000909918107,-0.1101000909918107,-0.011885805277525,0.0331034772098064,0.8777638077735901,0.5313185143081275,0.0593214482069015,0.47687506675720215,0,0.1101000909918107
patient64660_study1_view1_frontal,patient64660,0.1044642857142857,0.0512994260204081,0.0941891100702576,0.0512994260204081,1,0.0941891100702576,2,0.1044642857142857,-0.0531648596938775,-0.0102751756440281,0.0321867018938064,0.9557062983512878,0.4954657941942148,0.033124703913927,0.4818410575389862,0,0.1044642857142857
patient64663_study1_view1_frontal,patient64663,0.1957831325301204,0.1829268292682926,0.2112259970457902,0.1957831325301204,0,0.2112259970457902,2,0.2112259970457902,-0.0128563032618277,0.0154428645156697,0.0847616419196128,0.193332701921463,0.5219524664751346,0.0436109341681003,0.8709703683853149,0,0.1957831325301204
patient64664_study1_view1_frontal,patient64664,0.3793103448275862,0.3415251174557282,0.3819864720541118,0.3793103448275862,0,0.3819864720541118,2,0.3819864720541118,-0.0377852273718579,0.0026761272265256,0.0957429856061935,0.3069346845149994,0.7604503949886907,0.040501233190298,0.8516363501548767,0,0.3793103448275862
patient64669_study1_view1_frontal,patient64669,0.0719866071428571,0.0,0.0677521008403361,0.0719866071428571,0,0.0677521008403361,2,0.0719866071428571,-0.0719866071428571,-0.004234506302521,0.0310108419507741,0.7043508291244507,0.4895916534488062,0.070808857679367,0.4946296811103821,0,0.0719866071428571
patient64671_study1_view1_frontal,patient64671,0.6713218577460215,0.0,0.1112929623567921,0.6713218577460215,0,0.1112929623567921,2,0.6713218577460215,-0.6713218577460215,-0.5600288953892294,0.0265266261994838,0.9182669520378112,0.7077941480603397,0.0467119663953781,0.4652191400527954,0,0.6713218577460215
patient64672_study1_view1_frontal,patient64672,0.455494071146245,0.0,0.1102564102564102,0.455494071146245,0,0.1102564102564102,2,0.455494071146245,-0.455494071146245,-0.3452376608898348,0.0322664231061935,0.8860331773757935,0.778692477926588,0.0400638096034526,0.477444589138031,0,0.455494071146245
patient64673_study1_view1_frontal,patient64673,0.1480508870214752,0.0,0.1104965156794425,0.1480508870214752,0,0.1104965156794425,2,0.1480508870214752,-0.1480508870214752,-0.0375543713420327,0.0297154020518064,0.8510971069335938,0.5339738371038358,0.0767222419381141,0.4694363474845886,0,0.1480508870214752
patient64674_study1_view1_frontal,patient64674,0.435578502698897,0.0,0.1351313038239359,0.0,1,0.1351313038239359,2,0.435578502698897,-0.435578502698897,-0.3004471988749611,0.0305125955492258,0.98544442653656,0.5829159830468292,0.0354150794446468,0.45016157627105713,0,0.435578502698897
patient64675_study1_view1_frontal,patient64675,0.1108647450110864,0.0,0.1163641686182669,0.1108647450110864,0,0.1163641686182669,2,0.1163641686182669,-0.1108647450110864,0.0054994236071805,0.0320272631943225,0.7805103659629822,0.469466204853294,0.0543811917304992,0.5063942074775696,0,0.1108647450110864
patient64676_study1_view1_frontal,patient64676,0.4260756192959583,0.3628691983122363,0.4290084119296456,0.4260756192959583,0,0.4290084119296456,2,0.4290084119296456,-0.0632064209837219,0.0029327926336873,0.0659877210855484,0.1175083965063095,0.6282870861438693,0.0469590686261653,0.7897176742553711,0,0.4260756192959583
patient64684_study1_view1_frontal,patient64684,0.1570566948130277,0.0500438456632653,0.1547249334516415,0.0500438456632653,1,0.1547249334516415,2,0.1570566948130277,-0.1070128491497624,-0.0023317613613862,0.0341796875,1.0,0.6047501355150404,0.0288942530751228,0.49732279777526855,0,0.1570566948130277
patient64687_study1_view1_frontal,patient64687,0.2851437699680511,0.2851437699680511,0.3422053231939163,0.2851437699680511,0,0.3422053231939163,2,0.3422053231939163,0.0,0.0570615532258652,0.0571787320077419,0.1326971501111984,0.5182539376500045,0.0481134355068206,0.8700041770935059,0,0.2851437699680511
patient64689_study1_view1_frontal,patient64689,0.2647058823529412,0.0,0.057618437900128,0.2647058823529412,0,0.057618437900128,2,0.2647058823529412,-0.2647058823529412,-0.2070874444528131,0.0327845998108387,0.8663038611412048,0.4580861527358113,0.045962069183588,0.5725328326225281,0,0.2647058823529412
patient64691_study1_view1_frontal,patient64691,0.0715825123152709,0.0,0.0666061879297173,0.0715825123152709,0,0.0666061879297173,2,0.0715825123152709,-0.0715825123152709,-0.0049763243855535,0.0295958220958709,0.7988929152488708,0.4367257148603427,0.0880284532904625,0.4666246175765991,0,0.0715825123152709
patient64692_study1_view1_frontal,patient64692,0.4485520640788663,0.1970187945560596,0.2079383886255924,0.4485520640788663,0,0.2079383886255924,2,0.4485520640788663,-0.2515332695228066,-0.2406136754532738,0.0397600457072258,0.3481707274913788,0.7291028039112813,0.0290573015809059,0.7461399435997009,0,0.4485520640788663
patient64693_study1_view1_frontal,patient64693,0.0,0.0728435905612244,0.0,0.0728435905612244,1,0.0,2,0.0728435905612244,0.0728435905612244,0.0,0.0335020720958709,1.0,0.5227041506447782,0.0343761481344699,0.5682669281959534,0,0.0
patient64698_study1_view1_frontal,patient64698,0.2936665719965918,0.1278101084183673,0.3078437019969278,0.1278101084183673,1,0.3078437019969278,2,0.3078437019969278,-0.1658564635782245,0.0141771300003359,0.0341796875,0.9458597898483276,0.5332621950556444,0.0407163724303245,0.46609219908714294,0,0.2936665719965918
patient64700_study1_view1_frontal,patient64700,0.4982775590551181,0.0,0.15904509952129,0.4982775590551181,0,0.15904509952129,2,0.4982775590551181,-0.4982775590551181,-0.3392324595338281,0.0321468412876129,0.9231343865394592,0.8050594636538202,0.0352655537426471,0.46086299419403076,0,0.4982775590551181
patient64702_study1_view1_frontal,patient64702,0.1817125788250912,0.0,0.0881468658892128,0.1817125788250912,0,0.0881468658892128,2,0.1817125788250912,-0.1817125788250912,-0.0935657129358784,0.0271245222538709,0.8566680550575256,0.4341956850694607,0.0943700745701789,0.4588511288166046,0,0.1817125788250912
patient64711_study1_view1_frontal,patient64711,0.2191273161984459,0.0762914540816326,0.1035714285714285,0.0762914540816326,1,0.1035714285714285,2,0.2191273161984459,-0.1428358621168132,-0.1155558876270173,0.0373883917927742,0.976948857307434,0.4108498402924649,0.0502076186239719,0.5469515323638916,0,0.2191273161984459
patient64712_study1_view1_frontal,patient64712,0.1623542274052478,0.0,0.1544729542302357,0.0,1,0.1544729542302357,2,0.1623542274052478,-0.1623542274052478,-0.007881273175012,0.0381257981061935,1.0,0.4442389583511533,0.0481277890503406,0.5764706134796143,0,0.1623542274052478
patient64717_study1_view1_frontal,patient64717,0.4122245913290689,0.4430512016718913,0.5555555555555556,0.4122245913290689,0,0.5555555555555556,2,0.5555555555555556,0.0308266103428223,0.1433309642264866,0.0865951851010322,0.2275007516145706,0.6981167423054527,0.0463484339416027,0.8976852297782898,0,0.4122245913290689
patient64719_study1_view1_frontal,patient64719,0.1077731092436974,0.0181430096051227,0.0817920918367346,0.1077731092436974,0,0.0181430096051227,1,0.1077731092436974,-0.0896300996385747,-0.0259810174069627,0.0880301371216774,0.2732559144496918,0.6236938717337203,0.0842335298657417,0.7963474988937378,0,0.1077731092436974
patient64722_study1_view1_frontal,patient64722,0.1856952887537994,0.0779257015306122,0.1678399725274725,0.0779257015306122,1,0.1678399725274725,2,0.1856952887537994,-0.1077695872231871,-0.0178553162263268,0.0361328125,0.9593479037284852,0.4958670295395629,0.0419677160680294,0.4776734709739685,0,0.1856952887537994
patient64729_study1_view1_frontal,patient64729,0.4191937210132001,0.3900304414003044,0.4414414414414414,0.3900304414003044,1,0.4414414414414414,2,0.4414414414414414,-0.0291632796128957,0.0222477204282413,0.0740593075752258,0.1283273100852966,0.6828648964597471,0.0425651408731937,0.876990020275116,0,0.4191937210132001
patient64732_study1_view1_frontal,patient64732,0.0,0.0767299107142857,0.0838414634146341,0.0,0,0.0838414634146341,2,0.0838414634146341,0.0767299107142857,0.0838414634146341,0.0750757306814193,0.7357798218727112,0.5177736189612793,0.0887303128838539,0.5482063293457031,0,0.0
patient64738_study1_view1_frontal,patient64738,0.1254630638483329,0.0,0.0920935681965093,0.0,1,0.0920935681965093,2,0.1254630638483329,-0.1254630638483329,-0.0333694956518235,0.0326251611113548,0.9644257426261902,0.5145232351188996,0.08121158182621,0.45483285188674927,0,0.1254630638483329
