key,raw45,prior45,cand_zs45,s_support,ss_pick,ss45,sage_pick
patient64545_study1_view1_frontal,0.0,0.0224210778061224,0.0,0.30953595,0,0.0,2
patient64546_study1_view1_frontal,0.0,0.0691964285714285,0.0,0.3196754,0,0.0,2
patient64548_study1_view1_frontal,0.0,0.0724649234693877,0.0,0.31489095,0,0.0,2
patient64552_study1_view1_frontal,0.1238426469897071,0.4757491504479456,0.1270320169315981,0.8925319,0,0.1238426469897071,0
patient64555_study1_view1_frontal,0.0,0.031867825255102,0.0,0.3534039,0,0.0,2
patient64560_study1_view1_frontal,0.0,0.087531887755102,0.0,0.29493064,0,0.0,2
patient64561_study1_view1_frontal,0.0,0.0586734693877551,0.0,0.38151252,0,0.0,2
patient64564_study1_view1_frontal,0.0,0.0298947704081632,0.0,0.47141355,0,0.0,2
patient64566_study1_view1_frontal,0.0063576211734693,0.0063576211734693,0.0674133558748943,0.42109364,0,0.0063576211734693,2
patient64569_study1_view1_frontal,0.043765943877551,0.043765943877551,0.0,0.33061966,0,0.043765943877551,2
patient64571_study1_view1_frontal,0.0146484375,0.0146484375,0.0,0.38808805,0,0.0146484375,2
patient64580_study1_view1_frontal,0.1010443239795918,0.1010443239795918,0.0,0.46368712,0,0.1010443239795918,2
patient64582_study1_view1_frontal,0.0,0.0,0.0,0.5164065,0,0.0,2
patient64583_study1_view1_frontal,0.0,0.0,0.0,0.48649973,0,0.0,2
patient64592_study1_view1_frontal,0.0,0.0,0.0,0.66859406,0,0.0,2
patient64603_study1_view1_frontal,0.0,0.0572185905612244,0.0,0.39718395,0,0.0,2
patient64607_study1_view1_frontal,0.0,0.0,0.0,0.8068892,0,0.0,0
patient64608_study1_view1_frontal,0.0,0.0621811224489795,0.0,0.40341005,0,0.0,2
patient64609_study1_view1_frontal,0.0040656887755102,0.0040656887755102,0.0,0.30080152,0,0.0040656887755102,2
patient64612_study1_view1_frontal,0.0,0.0239158163265306,0.0,0.74466234,0,0.0,2
patient64614_study1_view1_frontal,0.0,0.0,0.0,0.37874243,0,0.0,2
patient64619_study1_view1_frontal,0.033462213010204,0.033462213010204,0.2423332279481505,0.40823957,0,0.033462213010204,2
patient64620_study1_view1_frontal,0.0442442602040816,0.0442442602040816,0.0,0.2929095,0,0.0442442602040816,2
patient64623_study1_view1_frontal,0.0,0.0,0.0,0.34949052,0,0.0,2
patient64624_study1_view1_frontal,0.2463898916967509,0.027782206632653,0.17985012489592,0.3531467,0,0.2463898916967509,2
patient64630_study1_view1_frontal,0.0,0.0,0.0,0.470426,0,0.0,2
patient64633_study1_view1_frontal,0.261558784676354,0.2679296346414073,0.3638306968790081,0.97697747,0,0.261558784676354,2
patient64635_study1_view1_frontal,0.0,0.0,0.0,0.39444113,0,0.0,2
patient64639_study1_view1_frontal,0.0,0.0,0.0,0.43115667,0,0.0,2
patient64640_study1_view1_frontal,0.2571955719557195,0.0327447385204081,0.2179640718562874,0.3680842,0,0.2571955719557195,2
patient64641_study1_view1_frontal,0.3139208969168483,0.0582549426020408,0.2843460041903621,0.35404164,0,0.3139208969168483,2
patient64643_study1_view1_frontal,0.2459016393442623,0.0735411352040816,0.2780996523754345,0.33250028,0,0.2459016393442623,2
patient64644_study1_view1_frontal,0.0262276785714285,0.0262276785714285,0.0,0.47977385,0,0.0262276785714285,2
patient64648_study1_view1_frontal,0.0234773596938775,0.0234773596938775,0.0,0.31388426,0,0.0234773596938775,2
patient64649_study1_view1_frontal,0.0352160395408163,0.0352160395408163,0.0,0.370634,0,0.0352160395408163,2
patient64650_study1_view1_frontal,0.0,0.0192522321428571,0.0,0.42005304,0,0.0,2
patient64652_study1_view1_frontal,0.1548610221596003,0.1361607142857142,0.1269700050838841,0.31877634,0,0.1548610221596003,2
patient64654_study1_view1_frontal,0.2180166540499621,0.0703722895408163,0.2214871659169092,0.37488103,0,0.2180166540499621,2
patient64655_study1_view1_frontal,0.0489676339285714,0.0489676339285714,0.0,0.30076027,0,0.0489676339285714,2
patient64656_study1_view1_frontal,0.3078089461713419,0.0730030293367346,0.3588005215123859,0.30136386,0,0.3078089461713419,2
patient64658_study1_view1_frontal,0.0,0.0,0.0,0.7181982,0,0.0,0
patient64659_study1_view1_frontal,0.0,0.0,0.0,0.42091832,0,0.0,2
patient64660_study1_view1_frontal,0.0,0.0,0.0,0.55634755,0,0.0,0
patient64664_study1_view1_frontal,0.0,0.1205755739795918,0.0,0.47057167,0,0.0,2
patient64666_study1_view1_frontal,0.0,0.0,0.0,0.3509875,0,0.0,2
patient64667_study1_view1_frontal,0.0205551857797267,0.0,0.030570814425603,0.68539834,0,0.0205551857797267,0
patient64668_study1_view1_frontal,0.0,0.0,0.0,0.549663,0,0.0,2
patient64669_study1_view1_frontal,0.0,0.0,0.0,0.74363244,0,0.0,0
patient64670_study1_view1_frontal,0.0,0.0,0.0,0.68947953,0,0.0,0
patient64674_study1_view1_frontal,0.0299455535390199,0.0,0.0,0.6064845,0,0.0299455535390199,0
patient64675_study1_view1_frontal,0.0,0.0,0.0,0.5846535,0,0.0,0
patient64676_study1_view1_frontal,0.0,0.0377869897959183,0.0,0.36531046,0,0.0,2
patient64678_study1_view1_frontal,0.0,0.0,0.0,0.4994337,0,0.0,2
patient64681_study1_view1_frontal,0.0963807397959183,0.0963807397959183,0.0,0.31017706,0,0.0963807397959183,2
patient64683_study1_view1_frontal,0.0355149872448979,0.0355149872448979,0.1932021466905187,0.45068485,0,0.0355149872448979,2
patient64684_study1_view1_frontal,0.5202729827378563,0.0496452487244898,0.3026896828582898,0.3144545,0,0.5202729827378563,2
patient64686_study1_view1_frontal,0.0,0.0,0.0,0.85622793,0,0.0,0
patient64689_study1_view1_frontal,0.0,0.0,0.0,0.772225,0,0.0,0
patient64692_study1_view1_frontal,0.310492505353319,0.1995974505199597,0.3041782729805014,0.86874926,0,0.310492505353319,0
patient64693_study1_view1_frontal,0.0,0.0,0.0,0.42486578,0,0.0,2
patient64694_study1_view1_frontal,0.0511798469387755,0.0511798469387755,0.0,0.36624599,0,0.0511798469387755,2
patient64697_study1_view1_frontal,0.0772480867346938,0.0772480867346938,0.0,0.30468312,0,0.0772480867346938,2
patient64699_study1_view1_frontal,0.0,0.0,0.0,0.61144215,0,0.0,0
patient64701_study1_view1_frontal,0.0,0.0,0.0,0.38847408,0,0.0,2
patient64702_study1_view1_frontal,0.0674426020408163,0.0674426020408163,0.0,0.29403633,0,0.0674426020408163,2
patient64714_study1_view1_frontal,0.0921556122448979,0.0921556122448979,0.0,0.30891737,0,0.0921556122448979,2
patient64715_study1_view1_frontal,0.0950570342205323,0.0430484693877551,0.0594188703885079,0.3781403,0,0.0950570342205323,2
patient64717_study1_view1_frontal,0.0587531887755102,0.0587531887755102,0.3192488262910798,0.4929277,0,0.0587531887755102,2
patient64722_study1_view1_frontal,0.0,0.0,0.0,0.73234373,0,0.0,0
patient64725_study1_view1_frontal,0.0376873405612244,0.0376873405612244,0.0,0.30439967,0,0.0376873405612244,2
patient64734_study1_view1_frontal,0.0647321428571428,0.0647321428571428,0.0,0.31191224,0,0.0647321428571428,2
patient64735_study1_view1_frontal,0.0,0.0231186224489795,0.0,0.38295144,0,0.0,2
patient64740_study1_view1_frontal,0.0655691964285714,0.0655691964285714,0.5439814814814815,0.39548478,0,0.0655691964285714,2
