key,patient,raw45,prior45,cand45,recal_45,picked
patient64622_study1_view1_frontal,patient64622,0.05488679846938776,0.0,0.05488679846938776,0.05488679846938776,0
patient64664_study1_view1_frontal,patient64664,0.3793103448275862,0.3415251174557282,0.3819864720541118,0.3793103448275862,0
patient64553_study1_view1_frontal,patient64553,0.06780660377358491,0.0,0.04878393665158371,0.06780660377358491,0
patient64572_study1_view1_frontal,patient64572,0.04639355742296919,0.042988741044012284,0.035849567099567096,0.04639355742296919,0
patient64603_study1_view1_frontal,patient64603,0.09176587301587301,0.5007363770250368,0.3318460680423871,0.3318460680423871,2
patient64609_study1_view1_frontal,patient64609,0.16058394160583941,0.0,0.08521808036451282,0.16058394160583941,0
patient64610_study1_view1_frontal,patient64610,0.4026748308088946,0.0,0.15934959349593497,0.4026748308088946,0
patient64612_study1_view1_frontal,patient64612,0.06427375637755102,0.0,0.06427375637755102,0.06427375637755102,0
patient64623_study1_view1_frontal,patient64623,0.3659574468085106,0.0,0.10829493087557604,0.3659574468085106,0
patient64624_study1_view1_frontal,patient64624,0.048425983329889094,0.0,0.03173241852487135,0.048425983329889094,0
patient64626_study1_view1_frontal,patient64626,0.07672709235209235,0.21685050457639052,0.08301619828259173,0.07672709235209235,0
patient64636_study1_view1_frontal,patient64636,0.10047208538587848,0.0,0.08874184191443074,0.10047208538587848,0
patient64641_study1_view1_frontal,patient64641,0.34516260994068315,0.0,0.1849250936329588,0.34516260994068315,0
patient64650_study1_view1_frontal,patient64650,0.6643567339560108,0.0,0.09626016260162602,0.6643567339560108,0
patient64655_study1_view1_frontal,patient64655,0.11010009099181074,0.0,0.09821428571428571,0.11010009099181074,0
patient64669_study1_view1_frontal,patient64669,0.07198660714285714,0.0,0.06775210084033613,0.07198660714285714,0
patient64671_study1_view1_frontal,patient64671,0.6713218577460215,0.0,0.11129296235679215,0.6713218577460215,0
patient64672_study1_view1_frontal,patient64672,0.45549407114624507,0.0,0.11025641025641025,0.45549407114624507,0
patient64676_study1_view1_frontal,patient64676,0.4260756192959583,0.3628691983122363,0.42900841192964567,0.42900841192964567,2
patient64684_study1_view1_frontal,patient64684,0.15705669481302775,0.05004384566326531,0.15472493345164154,0.15705669481302775,0
patient64689_study1_view1_frontal,patient64689,0.2647058823529412,0.0,0.05761843790012804,0.2647058823529412,0
patient64692_study1_view1_frontal,patient64692,0.4485520640788663,0.1970187945560596,0.2079383886255924,0.2079383886255924,2
patient64693_study1_view1_frontal,patient64693,0.0,0.07284359056122448,0.0,0.0,0
patient64700_study1_view1_frontal,patient64700,0.4982775590551181,0.0,0.15904509952129,0.4982775590551181,0
patient64702_study1_view1_frontal,patient64702,0.18171257882509126,0.0,0.08814686588921283,0.18171257882509126,0
patient64722_study1_view1_frontal,patient64722,0.1856952887537994,0.07792570153061225,0.16783997252747251,0.1856952887537994,0
patient64729_study1_view1_frontal,patient64729,0.4191937210132001,0.3900304414003044,0.44144144144144143,0.44144144144144143,2
patient64541_study1_view1_frontal,patient64541,0.08007518796992481,0.0,0.01601840989080408,0.08007518796992481,0
patient64673_study1_view1_frontal,patient64673,0.14805088702147526,0.0,0.1104965156794425,0.14805088702147526,0
patient64674_study1_view1_frontal,patient64674,0.435578502698897,0.0,0.13513130382393593,0.435578502698897,0
patient64639_study1_view1_frontal,patient64639,0.2706766917293233,0.0,0.1299126637554585,0.2706766917293233,0
patient64732_study1_view1_frontal,patient64732,0.0,0.07672991071428571,0.08384146341463415,0.0,0
patient64580_study1_view1_frontal,patient64580,0.4636542239685658,0.0,0.1292062046990441,0.4636542239685658,0
patient64642_study1_view1_frontal,patient64642,0.54859287054409,0.539974884889075,0.5718539102818578,0.54859287054409,0
patient64630_study1_view1_frontal,patient64630,0.09883198562443846,0.0,0.0818452380952381,0.09883198562443846,0
patient64564_study1_view1_frontal,patient64564,0.0,0.0,0.0,0.0,0
patient64663_study1_view1_frontal,patient64663,0.19578313253012047,0.18292682926829268,0.21122599704579026,0.19578313253012047,0
patient64717_study1_view1_frontal,patient64717,0.41222459132906897,0.4430512016718913,0.5555555555555556,0.5555555555555556,2
patient64647_study1_view1_frontal,patient64647,0.0,0.0,0.1056547619047619,0.0,0
patient64644_study1_view1_frontal,patient64644,0.08174542682926829,0.0,0.06875,0.08174542682926829,0
patient64592_study1_view1_frontal,patient64592,0.2992125984251969,0.0,0.17337461300309598,0.2992125984251969,0
patient64611_study1_view1_frontal,patient64611,0.06534090909090909,0.06661115736885928,0.07227653631284917,0.06534090909090909,0
patient64565_study1_view1_frontal,patient64565,0.043329532497149374,0.0,0.07650067069081154,0.043329532497149374,0
patient64546_study1_view1_frontal,patient64546,0.07399952168367346,0.0,0.09044620529661655,0.07399952168367346,0
patient64548_study1_view1_frontal,patient64548,0.1486646677358622,0.0,0.06838697017268446,0.1486646677358622,0
patient64549_study1_view1_frontal,patient64549,0.0,0.0,0.06325733418367346,0.0,0
patient64552_study1_view1_frontal,patient64552,0.5444444444444444,0.54739336492891,0.6031746031746031,0.6031746031746031,2
patient64569_study1_view1_frontal,patient64569,0.13969025204980262,0.0,0.07998608937576074,0.13969025204980262,0
patient64585_study1_view1_frontal,patient64585,0.05619477172312224,0.41113490364025695,0.05590659340659341,0.05590659340659341,2
patient64596_study1_view1_frontal,patient64596,0.106519124368535,0.0,0.1046919885094159,0.106519124368535,0
patient64606_study1_view1_frontal,patient64606,0.10540674603174603,0.053864168618266976,0.0975765306122449,0.10540674603174603,0
patient64617_study1_view1_frontal,patient64617,0.07996323529411764,0.5211678832116788,0.11228813559322035,0.07996323529411764,0
patient64621_study1_view1_frontal,patient64621,0.12985548600883653,0.0,0.0,0.12985548600883653,0
patient64633_study1_view1_frontal,patient64633,0.46919955735890817,0.5249690466364012,0.6366042345276873,0.6366042345276873,2
patient64646_study1_view1_frontal,patient64646,0.18777848504137493,0.0,0.1285607993197279,0.18777848504137493,0
patient64654_study1_view1_frontal,patient64654,0.09982253771073647,0.0,0.09740259740259741,0.09982253771073647,0
patient64660_study1_view1_frontal,patient64660,0.10446428571428572,0.05129942602040816,0.09418911007025761,0.10446428571428572,0
patient64675_study1_view1_frontal,patient64675,0.11086474501108648,0.0,0.11636416861826698,0.11086474501108648,0
patient64687_study1_view1_frontal,patient64687,0.28514376996805113,0.28514376996805113,0.34220532319391633,0.34220532319391633,2
patient64691_study1_view1_frontal,patient64691,0.07158251231527094,0.0,0.06660618792971734,0.07158251231527094,0
patient64698_study1_view1_frontal,patient64698,0.29366657199659185,0.12781010841836735,0.3078437019969278,0.29366657199659185,0
patient64711_study1_view1_frontal,patient64711,0.21912731619844592,0.07629145408163265,0.10357142857142858,0.21912731619844592,0
patient64712_study1_view1_frontal,patient64712,0.16235422740524783,0.0,0.15447295423023577,0.16235422740524783,0
patient64719_study1_view1_frontal,patient64719,0.10777310924369748,0.01814300960512273,0.08179209183673469,0.10777310924369748,0
patient64738_study1_view1_frontal,patient64738,0.12546306384833297,0.0,0.09209356819650938,0.12546306384833297,0
