key,field_ok_photo,medsam_ok,reg_ok,reg_mederr,prob_clean,prob_photo,choice,picked,margin,g_prior,g_cand,raw_45,raw_best,raw_ba25,raw_ba50,prior_45,prior_best,prior_ba25,prior_ba50,cand_45,cand_best,cand_ba25,cand_ba50,center_field_45,center_field_best,center_field_ba25,center_field_ba50,gated_v2_45,gated_v2_best,gated_v2_ba25,gated_v2_ba50,clean_raw_45,clean_raw_best
patient64622_study1_view1_frontal,1,1,1,0.53,0.26068657636642456,0.04391421005129814,2,2,0.8686849474906921,0.00872313417494297,0.9268218278884888,0.05488679846938776,0.10419188861985472,0.05488679846938776,0.05488679846938776,0.0,0.0,0.0,0.0,0.05488679846938776,0.056657340355497035,0.05488679846938776,0.05488679846938776,0.05488679846938776,0.05488679846938776,0.05488679846938776,0.05488679846938776,0.05488679846938776,0.056657340355497035,0.05488679846938776,0.05488679846938776,0.27224123182207016,0.35294117647058826
patient64664_study1_view1_frontal,1,1,1,0.44,0.7663547992706299,0.11640945822000504,2,2,0.4047546088695526,0.14923624694347382,0.5869588255882263,0.3793103448275862,0.3893805309734513,0.17263176250054493,0.3893805309734513,0.3415251174557282,0.4864072928536546,0.4864072928536546,0.4864072928536546,0.3819864720541118,0.4688768606224628,0.33574007220216606,0.4688768606224628,0.33587786259541985,0.37777247793942287,0.37777247793942287,0.37777247793942287,0.3819864720541118,0.4688768606224628,0.33574007220216606,0.4688768606224628,0.24859075535512964,0.4745544341850977
patient64553_study1_view1_frontal,1,1,1,0.5,0.06963108479976654,0.06989788264036179,2,2,0.8013500571250916,0.018802739679813385,0.8845391869544983,0.06780660377358491,0.09294181034482758,0.048130580357142856,0.07486979166666667,0.0,0.0,0.0,0.0,0.04878393665158371,0.09243134628265237,0.048130580357142856,0.0494552752293578,0.0,0.0,0.0,0.0,0.04878393665158371,0.09243134628265237,0.048130580357142856,0.0494552752293578,0.21726190476190477,0.22482063083795858
patient64572_study1_view1_frontal,1,1,1,0.52,0.006356307305395603,0.0753607451915741,1,1,0.4728577733039856,0.5726559162139893,0.2879439890384674,0.04639355742296919,0.07243075801749271,0.03479516806722689,0.047960907335907334,0.042988741044012284,0.23007395234182415,0.23007395234182415,0.23007395234182415,0.035849567099567096,0.07377094816546963,0.03445735090152566,0.044088287488908605,0.008782201405152224,0.12118921642731166,0.12118921642731166,0.12118921642731166,0.042988741044012284,0.23007395234182415,0.23007395234182415,0.23007395234182415,0.058465286236297195,0.11399872448979592
patient64603_study1_view1_frontal,1,1,1,0.42,0.49636489152908325,0.08734876662492752,1,1,0.5279859304428101,0.6247762441635132,0.2439795732498169,0.09176587301587301,0.14694766510793672,0.08162894518272425,0.09486607142857142,0.5007363770250368,0.6044444444444445,0.5004329004329005,0.6044444444444445,0.3318460680423871,0.4934687953555878,0.09000114468864469,0.4934687953555878,0.32969734214165003,0.5146036161335188,0.3616962687594658,0.3616962687594658,0.5007363770250368,0.6044444444444445,0.5004329004329005,0.6044444444444445,0.3463380930446799,0.48113524783105793
patient64609_study1_view1_frontal,1,1,1,0.5,0.6586048007011414,0.17911018431186676,2,2,0.7235032916069031,0.02965896762907505,0.851974368095398,0.16058394160583941,0.1644962302947224,0.0780452806122449,0.16058394160583941,0.0,0.0,0.0,0.0,0.08521808036451282,0.1152306967984934,0.08965201465201465,0.1152306967984934,0.0,0.0,0.0,0.0,0.08521808036451282,0.1152306967984934,0.08965201465201465,0.1152306967984934,0.36572398190045247,0.6139172749391727
patient64610_study1_view1_frontal,1,1,1,0.48,0.8618247509002686,0.571872353553772,2,2,0.8331142067909241,0.01332713384181261,0.9051219820976257,0.4026748308088946,0.421505376344086,0.421505376344086,0.421505376344086,0.0,0.0,0.0,0.0,0.15934959349593497,0.40597154916367045,0.1425925925925926,0.21487821630474982,0.0,0.0,0.0,0.0,0.15934959349593497,0.40597154916367045,0.1425925925925926,0.21487821630474982,0.34746086292478046,0.5153121319199058
patient64612_study1_view1_frontal,1,1,1,0.52,0.10804715007543564,0.09154365956783295,1,1,0.40436631441116333,0.5408843755722046,0.24594898521900177,0.06427375637755102,0.15058131390951113,0.06427375637755102,0.06427375637755102,0.0,0.3932225063938619,0.3817030784508441,0.3932225063938619,0.06427375637755102,0.08043196328810855,0.06427375637755102,0.06427375637755102,0.3537809502565247,0.42846580406654344,0.42846580406654344,0.42846580406654344,0.0,0.3932225063938619,0.3817030784508441,0.3932225063938619,0.25608630846759883,0.2976158099900281
patient64623_study1_view1_frontal,1,1,1,0.51,0.11296797543764114,0.11359947919845581,2,2,0.8619982600212097,0.010101362131536007,0.9241290092468262,0.3659574468085106,0.4709141274238227,0.13586869238428678,0.4709141274238227,0.0,0.0,0.0,0.0,0.10829493087557604,0.23167848699763594,0.08986042954559939,0.11726546906187625,0.0,0.0,0.0,0.0,0.10829493087557604,0.23167848699763594,0.08986042954559939,0.11726546906187625,0.4421198521647307,0.44240111034004165
patient64624_study1_view1_frontal,1,1,1,0.37,0.8867787718772888,0.23856522142887115,2,2,0.5789850950241089,0.04671769589185715,0.7734577655792236,0.048425983329889094,0.06681380417335474,0.06359816653934301,0.06681380417335474,0.0,0.0,0.0,0.0,0.03173241852487135,0.0671912832929782,0.06570639305445936,0.0671912832929782,0.0,0.0,0.0,0.0,0.03173241852487135,0.0671912832929782,0.06570639305445936,0.0671912832929782,0.42764578833693306,0.4353097737690374
patient64626_study1_view1_frontal,1,1,1,0.55,0.2436874657869339,0.0639193207025528,2,2,0.2237858921289444,0.29457002878189087,0.4264621138572693,0.07672709235209235,0.08429651033563014,0.06782126913265306,0.07790750915750916,0.21685050457639052,0.26835112175996517,0.26835112175996517,0.26835112175996517,0.08301619828259173,0.0905083749632677,0.07303828983516483,0.08301619828259173,0.17008527310440194,0.2892416225749559,0.2892416225749559,0.2892416225749559,0.08301619828259173,0.0905083749632677,0.07303828983516483,0.08301619828259173,0.37933913873315045,0.4366358249298264
patient64636_study1_view1_frontal,1,1,1,0.52,0.3431469202041626,0.04132750257849693,2,2,0.8625755310058594,0.01014810148626566,0.9244268536567688,0.10047208538587848,0.10595238095238095,0.08741071428571429,0.10344463229078614,0.0,0.0,0.0,0.0,0.08874184191443074,0.0939900153609831,0.0780452806122449,0.08965201465201465,0.0780452806122449,0.0780452806122449,0.0780452806122449,0.0780452806122449,0.08874184191443074,0.0939900153609831,0.0780452806122449,0.08965201465201465,0.3425056652638394,0.41252833298990316
patient64641_study1_view1_frontal,1,1,1,0.56,0.8923075199127197,0.26890507340431213,2,2,0.8137626051902771,0.017316333949565887,0.8957735896110535,0.34516260994068315,0.40298507462686567,0.1793799212598425,0.36794354838709675,0.0,0.0,0.0,0.0,0.1849250936329588,0.23161271072654036,0.09811046511627906,0.20319555401180966,0.0,0.0,0.0,0.0,0.1849250936329588,0.23161271072654036,0.09811046511627906,0.20319555401180966,0.2879009373118927,0.6120883481021029
patient64650_study1_view1_frontal,1,1,1,0.51,0.6192867755889893,0.19285938143730164,2,2,0.8587539792060852,0.010501216165721416,0.9199896454811096,0.6643567339560108,0.7274993076710052,0.14799269171892745,0.7274993076710052,0.0,0.0,0.0,0.0,0.09626016260162602,0.7170957477581719,0.07899844720496894,0.15114695715931706,0.0,0.0,0.0,0.0,0.09626016260162602,0.7170957477581719,0.07899844720496894,0.15114695715931706,0.34870641169853767,0.4279724970652356
patient64655_study1_view1_frontal,1,1,1,0.56,0.2688024044036865,0.018645336851477623,2,2,0.7859466671943665,0.0237461868673563,0.8777677416801453,0.11010009099181074,0.14774114774114774,0.09991742361684558,0.11297852474323063,0.0,0.0,0.0,0.0,0.09821428571428571,0.12173038229376258,0.09343629343629344,0.10940325497287523,0.07716836734693877,0.07716836734693877,0.07716836734693877,0.07716836734693877,0.09821428571428571,0.12173038229376258,0.09343629343629344,0.10940325497287523,0.45943134535367547,0.6651182432432432
patient64669_study1_view1_frontal,1,1,1,0.42,0.028134077787399292,0.055143970996141434,2,2,0.5852605104446411,0.05049724876880646,0.7790184617042542,0.07198660714285714,0.07430875576036866,0.05730277185501066,0.07430875576036866,0.0,0.0,0.0,0.0,0.06775210084033613,0.07243935309973046,0.056460084033613446,0.0702308362369338,0.0,0.0,0.0,0.0,0.06775210084033613,0.07243935309973046,0.056460084033613446,0.0702308362369338,0.2762996316004912,0.3133909406131323
patient64671_study1_view1_frontal,1,1,1,0.36,0.2177962064743042,0.1858430951833725,2,2,0.7765049934387207,0.02550201304256916,0.8720697164535522,0.6713218577460215,0.6968716289104638,0.13580829841232367,0.6968716289104638,0.0,0.0,0.0,0.0,0.11129296235679215,0.7204460966542751,0.05890191897654584,0.11777244870770051,0.0,0.0,0.0,0.0,0.11129296235679215,0.7204460966542751,0.05890191897654584,0.11777244870770051,0.32662013958125624,0.5003871253179958
patient64672_study1_view1_frontal,1,1,1,0.59,0.7541443109512329,0.21534793078899384,2,2,0.7616356015205383,0.02931503765285015,0.8619676828384399,0.45549407114624507,0.45549407114624507,0.15774409417076513,0.45549407114624507,0.0,0.0,0.0,0.0,0.11025641025641025,0.4647058823529412,0.08734375,0.11774441067613517,0.0,0.0,0.0,0.0,0.11025641025641025,0.4647058823529412,0.08734375,0.11774441067613517,0.46910994764397906,0.5741775294847921
patient64676_study1_view1_frontal,1,1,1,0.38,0.9422190189361572,0.20961706340312958,2,2,0.2739410698413849,0.36253243684768677,0.38340967893600464,0.4260756192959583,0.4260756192959583,0.22507122507122507,0.4260756192959583,0.3628691983122363,0.5379253792537926,0.5379253792537926,0.5379253792537926,0.42900841192964567,0.5509993108201241,0.29884444444444447,0.5509993108201241,0.3909258770772883,0.3909258770772883,0.3863285934555422,0.3909258770772883,0.42900841192964567,0.5509993108201241,0.29884444444444447,0.5509993108201241,0.4435042309606769,0.5107570647749738
patient64684_study1_view1_frontal,1,1,1,0.46,0.04753490537405014,0.04743117466568947,2,2,0.8667266964912415,0.009590277448296547,0.9267149567604065,0.15705669481302775,0.1631138694009714,0.10676020408163266,0.15967336683417085,0.05004384566326531,0.05004384566326531,0.05004384566326531,0.05004384566326531,0.15472493345164154,0.15472493345164154,0.0667251275510204,0.15472493345164154,0.05004384566326531,0.05004384566326531,0.05004384566326531,0.05004384566326531,0.15472493345164154,0.15472493345164154,0.0667251275510204,0.15472493345164154,0.12232940051020408,0.2204741379310345
patient64689_study1_view1_frontal,1,1,1,0.66,0.2731378376483917,0.12210290879011154,2,2,0.7276196479797363,0.030811939388513565,0.8377930521965027,0.2647058823529412,0.2647058823529412,0.07761437908496732,0.2647058823529412,0.0,0.0,0.0,0.0,0.05761843790012804,0.25842696629213485,0.06152849740932642,0.07612179487179487,0.053013392857142856,0.053013392857142856,0.053013392857142856,0.053013392857142856,0.05761843790012804,0.25842696629213485,0.06152849740932642,0.07612179487179487,0.30856423173803527,0.35648148148148145
patient64692_study1_view1_frontal,1,1,1,0.43,0.1956474334001541,0.18035943806171417,2,2,0.37709516286849976,0.12464317679405212,0.5652075409889221,0.4485520640788663,0.4739970282317979,0.46869158878504674,0.4739970282317979,0.1970187945560596,0.20708446866485014,0.1644131963223364,0.20708446866485014,0.2079383886255924,0.36058779201205726,0.36058779201205726,0.36058779201205726,0.37144662034112447,0.37144662034112447,0.3532904502721425,0.37144662034112447,0.2079383886255924,0.36058779201205726,0.36058779201205726,0.36058779201205726,0.16211620217288616,0.20609137055837565
patient64693_study1_view1_frontal,1,1,1,0.54,0.31306084990501404,0.01656627655029297,2,2,0.8787848949432373,0.007729364093393087,0.9324385523796082,0.0,0.004126679462571977,0.004126679462571977,0.004126679462571977,0.07284359056122448,0.07284359056122448,0.07284359056122448,0.07284359056122448,0.0,0.12557548271833985,0.10775353773584906,0.12557548271833985,0.07284359056122448,0.07284359056122448,0.07284359056122448,0.07284359056122448,0.0,0.12557548271833985,0.10775353773584906,0.12557548271833985,0.47924120143106747,0.4960778161280201
patient64700_study1_view1_frontal,1,1,1,0.49,0.9812770485877991,0.2660370469093323,2,2,0.7860984802246094,0.023142488673329353,0.8777535557746887,0.4982775590551181,0.4982775590551181,0.30924678505817516,0.4982775590551181,0.0,0.0,0.0,0.0,0.15904509952129,0.4848764719464327,0.13208484816781316,0.1726141646158053,0.0,0.0,0.0,0.0,0.15904509952129,0.4848764719464327,0.13208484816781316,0.1726141646158053,0.36448059894895973,0.5497870238903636
patient64702_study1_view1_frontal,1,1,1,0.47,0.5259754657745361,0.06273265182971954,2,2,0.751828670501709,0.030980486422777176,0.8551369905471802,0.18171257882509126,0.20385710587626196,0.08769941986947064,0.20385710587626196,0.0,0.0,0.0,0.0,0.08814686588921283,0.16826654760575957,0.08469012605042017,0.14398541919805588,0.0,0.0,0.0,0.0,0.08814686588921283,0.16826654760575957,0.08469012605042017,0.14398541919805588,0.39293779511393967,0.3945303743555257
patient64722_study1_view1_frontal,1,1,1,0.44,0.4429493248462677,0.025761820375919342,2,2,0.8503842353820801,0.012458943761885166,0.9168151021003723,0.1856952887537994,0.2098304898787646,0.1558514030612245,0.1939484126984127,0.07792570153061225,0.07792570153061225,0.07792570153061225,0.07792570153061225,0.16783997252747251,0.21244098861427382,0.10515275387263338,0.17455357142857142,0.07792570153061225,0.07792570153061225,0.07792570153061225,0.07792570153061225,0.16783997252747251,0.21244098861427382,0.10515275387263338,0.17455357142857142,0.32490861618798955,0.4826994370451737
patient64729_study1_view1_frontal,1,1,1,0.43,0.8939129710197449,0.13595274090766907,2,2,0.5191106200218201,0.13734228909015656,0.6465003490447998,0.4191937210132001,0.4239450441609421,0.34477574542721123,0.4239450441609421,0.3900304414003044,0.5718884120171673,0.5718884120171673,0.5718884120171673,0.44144144144144143,0.5737051792828686,0.4240437158469945,0.5737051792828686,0.3545538178472861,0.3857259602288205,0.3857259602288205,0.3857259602288205,0.44144144144144143,0.5737051792828686,0.4240437158469945,0.5737051792828686,0.44224936470202475,0.6171704957678356
patient64541_study1_view1_frontal,1,1,1,0.4,0.49764740467071533,0.10097929835319519,2,2,0.6324008703231812,0.03466367349028587,0.8115838766098022,0.08007518796992481,0.0813598166539343,0.06792091836734694,0.0813598166539343,0.0,0.0,0.0,0.0,0.01601840989080408,0.0749472202674173,0.06792091836734694,0.0749472202674173,0.0,0.0,0.0,0.0,0.01601840989080408,0.0749472202674173,0.06792091836734694,0.0749472202674173,0.44185817141729955,0.4708798017348203
patient64673_study1_view1_frontal,1,1,1,0.53,0.9593246579170227,0.09828731417655945,2,2,0.7436882853507996,0.03212340548634529,0.8497132658958435,0.14805088702147526,0.2002808988764045,0.10112404336734694,0.14805088702147526,0.0,0.0,0.0,0.0,0.1104965156794425,0.13896801051709026,0.10112404336734694,0.11325892857142857,0.0,0.0,0.0,0.0,0.1104965156794425,0.13896801051709026,0.10112404336734694,0.11325892857142857,0.590990990990991,0.590990990990991
patient64674_study1_view1_frontal,1,1,1,0.4,0.37119224667549133,0.051725175231695175,2,2,0.8690246343612671,0.009703521616756916,0.9277144074440002,0.435578502698897,0.444515306122449,0.3430765703805594,0.444515306122449,0.0,0.0,0.0,0.0,0.13513130382393593,0.43136353184640147,0.1221019597796849,0.13884640594275727,0.07599250637755102,0.07599250637755102,0.07599250637755102,0.07599250637755102,0.13513130382393593,0.43136353184640147,0.1221019597796849,0.13884640594275727,0.5977683315621679,0.6246406570841889
patient64639_study1_view1_frontal,1,1,1,0.48,0.012518065981566906,0.0398859828710556,2,2,0.8610702753067017,0.010343861766159534,0.9236096739768982,0.2706766917293233,0.441938178780284,0.2088425833166366,0.441938178780284,0.0,0.0,0.0,0.0,0.1299126637554585,0.23391812865497075,0.09988317757009346,0.16900048285852245,0.09542410714285714,0.09542410714285714,0.09542410714285714,0.09542410714285714,0.1299126637554585,0.23391812865497075,0.09988317757009346,0.16900048285852245,0.2867546654528903,0.4093682345994883
patient64732_study1_view1_frontal,1,1,1,0.49,0.07497543841600418,0.04508402571082115,2,2,0.6046849489212036,0.05759574845433235,0.7665195465087891,0.0,0.08680555555555555,0.07672991071428571,0.08680555555555555,0.07672991071428571,0.07672991071428571,0.07672991071428571,0.07672991071428571,0.08384146341463415,0.08905440414507772,0.07672991071428571,0.08466748768472906,0.0,0.0,0.0,0.0,0.08384146341463415,0.08905440414507772,0.07672991071428571,0.08466748768472906,0.24659942629776996,0.3171074569289614
patient64580_study1_view1_frontal,1,1,1,0.38,0.47492703795433044,0.4939691126346588,2,2,0.8727114200592041,0.008377744816243649,0.9288883805274963,0.4636542239685658,0.494525924395786,0.3624145785876993,0.494525924395786,0.0,0.0,0.0,0.0,0.1292062046990441,0.4983012457531144,0.11922635343990108,0.4983012457531144,0.0,0.0,0.0,0.0,0.1292062046990441,0.4983012457531144,0.11922635343990108,0.4983012457531144,0.37905023144179667,0.37905023144179667
patient64642_study1_view1_frontal,1,1,1,0.48,0.6532728672027588,0.3541282117366791,2,2,0.2672751545906067,0.3601253032684326,0.3893153667449951,0.54859287054409,0.5600325600325601,0.1079014939309057,0.5600325600325601,0.539974884889075,0.65625,0.65625,0.65625,0.5718539102818578,0.5733333333333334,0.1222883597883598,0.5733333333333334,0.4585513078470825,0.46989500749946433,0.41496598639455784,0.46989500749946433,0.5718539102818578,0.5733333333333334,0.1222883597883598,0.5733333333333334,0.4029145332808192,0.5327563050291001
patient64630_study1_view1_frontal,1,1,1,0.56,0.24525871872901917,0.0701056718826294,2,2,0.8575003743171692,0.010484212078154087,0.9215942621231079,0.09883198562443846,0.13212524372061016,0.07015306122448979,0.10014655593551539,0.0,0.0,0.0,0.0,0.0818452380952381,0.10689990281827016,0.07015306122448979,0.08270676691729323,0.0,0.0,0.0,0.0,0.0818452380952381,0.10689990281827016,0.07015306122448979,0.08270676691729323,0.2992105933282404,0.6590993673241533
patient64564_study1_view1_frontal,1,1,1,0.58,0.10762592405080795,0.035259537398815155,2,2,0.8524476885795593,0.011725225485861301,0.9177078008651733,0.0,0.06278036576949621,0.06278036576949621,0.06278036576949621,0.0,0.0,0.0,0.0,0.0,0.0618191084966765,0.05801578443877551,0.0618191084966765,0.0,0.0,0.0,0.0,0.0,0.0618191084966765,0.05801578443877551,0.0618191084966765,0.20175131348511383,0.24168688922410966
patient64663_study1_view1_frontal,1,1,1,0.51,0.02597014047205448,0.10586360841989517,2,2,0.28245529532432556,0.3267422020435333,0.4089552164077759,0.19578313253012047,0.19578313253012047,0.07575757575757576,0.19578313253012047,0.18292682926829268,0.30816505706760317,0.30816505706760317,0.30816505706760317,0.21122599704579026,0.24242424242424243,0.0967741935483871,0.24242424242424243,0.11363636363636363,0.25040840140023335,0.25040840140023335,0.25040840140023335,0.21122599704579026,0.24242424242424243,0.0967741935483871,0.24242424242424243,0.22721009700176367,0.2872421962095875
patient64717_study1_view1_frontal,1,1,1,0.32,0.9408498406410217,0.14751088619232178,2,2,0.34746497869491577,0.29346010088920593,0.48206672072410583,0.41222459132906897,0.4289389067524116,0.1632734303912648,0.4289389067524116,0.4430512016718913,0.8768721699756182,0.8768721699756182,0.8768721699756182,0.5555555555555556,0.6363636363636364,0.2963640275387263,0.6363636363636364,0.4338070306656694,0.49256900212314225,0.49256900212314225,0.49256900212314225,0.5555555555555556,0.6363636363636364,0.2963640275387263,0.6363636363636364,0.5656374569285859,0.6497262043930351
patient64647_study1_view1_frontal,1,1,1,0.45,0.135964497923851,0.03655407950282097,2,2,0.7083873152732849,0.03760034590959549,0.8293279409408569,0.0,0.11688058035714285,0.1080976465730801,0.11688058035714285,0.0,0.0,0.0,0.0,0.1056547619047619,0.11615461401952085,0.09947283434650456,0.10686224489795919,0.0,0.0,0.0,0.0,0.1056547619047619,0.11615461401952085,0.09947283434650456,0.10686224489795919,0.21955958549222798,0.29615384615384616
patient64644_study1_view1_frontal,1,1,1,0.45,0.30386701226234436,0.12671148777008057,2,2,0.8535117506980896,0.011678719893097878,0.9183955192565918,0.08174542682926829,0.1396484375,0.06539634146341464,0.08539012738853503,0.0,0.0,0.0,0.0,0.06875,0.12767857142857142,0.06066176470588235,0.06982421875,0.0,0.0,0.0,0.0,0.06875,0.12767857142857142,0.06066176470588235,0.06982421875,0.4631482120271358,0.4631482120271358
patient64592_study1_view1_frontal,1,1,1,0.54,0.9223101139068604,0.14966735243797302,2,2,0.8346886038780212,0.014406973496079445,0.907843291759491,0.2992125984251969,0.4383116883116883,0.2523191094619666,0.4383116883116883,0.0,0.0,0.0,0.0,0.17337461300309598,0.4605263157894737,0.16293422676776584,0.4605263157894737,0.0,0.0,0.0,0.0,0.17337461300309598,0.4605263157894737,0.16293422676776584,0.4605263157894737,0.5097539015606243,0.6742950551695954
patient64611_study1_view1_frontal,1,1,1,0.59,0.020588790997862816,0.0614420548081398,2,2,0.16504159569740295,0.17311866581439972,0.46063756942749023,0.06534090909090909,0.06955645161290322,0.05775669642857143,0.0666881443298969,0.06661115736885928,0.1462857142857143,0.1462857142857143,0.1462857142857143,0.07227653631284917,0.07227653631284917,0.05775669642857143,0.07227653631284917,0.06956521739130435,0.18268315889628925,0.18268315889628925,0.18268315889628925,0.07227653631284917,0.07227653631284917,0.05775669642857143,0.07227653631284917,0.1990052732502397,0.1990052732502397
patient64565_study1_view1_frontal,1,1,1,0.57,0.47312572598457336,0.06466109305620193,2,2,0.7936915755271912,0.020460033789277077,0.8796058893203735,0.043329532497149374,0.08066654879773692,0.08026917663617171,0.08066654879773692,0.0,0.0,0.0,0.0,0.07650067069081154,0.07744253763707329,0.07474606815203146,0.07650067069081154,0.0,0.0,0.0,0.0,0.07650067069081154,0.07744253763707329,0.07474606815203146,0.07650067069081154,0.4801004636785162,0.6388419986495611
patient64546_study1_view1_frontal,1,1,1,0.52,0.11837902665138245,0.07494114339351654,2,2,0.8158947229385376,0.016261881217360497,0.897274911403656,0.07399952168367346,0.07399952168367346,0.07399952168367346,0.07399952168367346,0.0,0.0,0.0,0.0,0.09044620529661655,0.09044620529661655,0.07399952168367346,0.09044620529661655,0.07399952168367346,0.07399952168367346,0.07399952168367346,0.07399952168367346,0.09044620529661655,0.09044620529661655,0.07399952168367346,0.09044620529661655,0.14246131814078017,0.22629939172147767
patient64548_study1_view1_frontal,1,1,1,0.39,0.7658860087394714,0.19305530190467834,2,2,0.8486738801002502,0.012063429690897465,0.9157457947731018,0.1486646677358622,0.3900907187718074,0.06101190476190476,0.18480360592401804,0.0,0.0,0.0,0.0,0.06838697017268446,0.25107604017216645,0.055564413265306124,0.07236295681063123,0.055564413265306124,0.055564413265306124,0.055564413265306124,0.055564413265306124,0.06838697017268446,0.25107604017216645,0.055564413265306124,0.07236295681063123,0.5256813417190775,0.5256813417190775
patient64549_study1_view1_frontal,1,1,1,0.47,0.29394176602363586,0.052341658622026443,2,2,0.8520637154579163,0.011558315716683865,0.917666494846344,0.0,0.06325733418367346,0.06325733418367346,0.06325733418367346,0.0,0.0,0.0,0.0,0.06325733418367346,0.06325733418367346,0.06325733418367346,0.06325733418367346,0.0,0.0,0.0,0.0,0.06325733418367346,0.06325733418367346,0.06325733418367346,0.06325733418367346,0.6172716172716173,0.7656826568265682
patient64552_study1_view1_frontal,1,1,1,0.32,0.8170469403266907,0.2854010760784149,2,2,0.460201621055603,0.1430564522743225,0.6155937910079956,0.5444444444444444,0.5444444444444444,0.22697368421052633,0.5444444444444444,0.54739336492891,0.6003258213412979,0.6003258213412979,0.6003258213412979,0.6031746031746031,0.6372832369942196,0.3892649903288201,0.6372832369942196,0.5444444444444444,0.5444444444444444,0.4663882259347653,0.5444444444444444,0.6031746031746031,0.6372832369942196,0.3892649903288201,0.6372832369942196,0.6485168630637952,0.7244745606982887
patient64569_study1_view1_frontal,1,1,1,0.89,0.32482078671455383,0.03851023316383362,2,2,0.7252534627914429,0.033075299113988876,0.8352639079093933,0.13969025204980262,0.13969025204980262,0.08173418621179815,0.13969025204980262,0.0,0.0,0.0,0.0,0.07998608937576074,0.13969025204980262,0.07641196013289037,0.10309278350515463,0.0,0.0,0.0,0.0,0.07998608937576074,0.13969025204980262,0.07641196013289037,0.10309278350515463,0.5863125638406538,0.623211731044349
patient64585_study1_view1_frontal,1,1,1,0.5,0.009516911581158638,0.10598883777856827,1,1,0.6192644238471985,0.7095221281051636,0.1848992109298706,0.05619477172312224,0.08473576459974322,0.05450892857142857,0.08473576459974322,0.41113490364025695,0.42857142857142855,0.42857142857142855,0.42857142857142855,0.05590659340659341,0.1430113329735564,0.05423773987206823,0.0564859363434493,0.28,0.31790285814483604,0.31790285814483604,0.31790285814483604,0.41113490364025695,0.42857142857142855,0.42857142857142855,0.42857142857142855,0.06803953871499176,0.21752857920522592
patient64596_study1_view1_frontal,1,1,1,0.48,0.1551213264465332,0.03500207141041756,2,2,0.8708336353302002,0.008998344652354717,0.9290695786476135,0.106519124368535,0.12203225583166055,0.10293317712038161,0.10701199618531346,0.0,0.0,0.0,0.0,0.1046919885094159,0.11593565414100791,0.07816119691119691,0.10474386644936792,0.06455277423469388,0.06455277423469388,0.06455277423469388,0.06455277423469388,0.1046919885094159,0.11593565414100791,0.07816119691119691,0.10474386644936792,0.5267755412077478,0.5267755412077478
patient64606_study1_view1_frontal,1,1,1,0.35,0.29251235723495483,0.09690152108669281,1,1,0.5678886771202087,0.6643298268318176,0.22818268835544586,0.10540674603174603,0.11616253644314868,0.08756868131868131,0.10807527124773961,0.053864168618266976,0.47238372093023256,0.47238372093023256,0.47238372093023256,0.0975765306122449,0.12555803571428573,0.08580850681981335,0.09985902255639098,0.09563409563409564,0.49392888117953165,0.49392888117953165,0.49392888117953165,0.053864168618266976,0.47238372093023256,0.47238372093023256,0.47238372093023256,0.4519094766619519,0.6753290583867702
patient64617_study1_view1_frontal,1,1,1,0.77,0.19616511464118958,0.11406664550304413,1,1,0.688207745552063,0.7649242877960205,0.15835916996002197,0.07996323529411764,0.08872767857142858,0.08872767857142858,0.08872767857142858,0.5211678832116788,0.6846715328467153,0.6846715328467153,0.6846715328467153,0.11228813559322035,0.12573344509639564,0.08872767857142858,0.12573344509639564,0.17133956386292834,0.41586748038360943,0.41586748038360943,0.41586748038360943,0.5211678832116788,0.6846715328467153,0.6846715328467153,0.6846715328467153,0.40986040986040984,0.40986040986040984
patient64621_study1_view1_frontal,1,1,1,0.56,0.16691036522388458,0.04270009696483612,2,2,0.853961169719696,0.010235434398055077,0.9185678958892822,0.12985548600883653,0.1391821231254933,0.11246412627551021,0.13399981003039513,0.0,0.0,0.0,0.0,0.0,0.14152788924558588,0.11246412627551021,0.14152788924558588,0.0,0.0,0.0,0.0,0.0,0.14152788924558588,0.11246412627551021,0.14152788924558588,0.17826637140145524,0.5115469788041759
patient64633_study1_view1_frontal,1,1,1,0.43,0.9899896383285522,0.414181649684906,2,2,0.3231235146522522,0.2005215734243393,0.51412034034729,0.46919955735890817,0.5325769854132901,0.14851743238840012,0.5325769854132901,0.5249690466364012,0.7444114737883284,0.7444114737883284,0.7444114737883284,0.6366042345276873,0.6620202751629254,0.2692898499350112,0.6620202751629254,0.4609548482605477,0.5452832922764816,0.5452832922764816,0.5452832922764816,0.6366042345276873,0.6620202751629254,0.2692898499350112,0.6620202751629254,0.3918519670346758,0.5204500052570707
patient64646_study1_view1_frontal,1,1,1,0.74,0.09384916722774506,0.04233436658978462,2,2,0.6896089911460876,0.03369919955730438,0.8132198452949524,0.18777848504137493,0.18880702537768848,0.13498883928571428,0.18880702537768848,0.0,0.0,0.0,0.0,0.1285607993197279,0.18832063837504534,0.11549847211611917,0.13010972461273665,0.09642059948979592,0.09642059948979592,0.09642059948979592,0.09642059948979592,0.1285607993197279,0.18832063837504534,0.11549847211611917,0.13010972461273665,0.059004496331939736,0.39389484001960373
patient64654_study1_view1_frontal,1,1,1,0.56,0.014527523890137672,0.04450630769133568,2,2,0.8639841079711914,0.009936708025634289,0.9250441193580627,0.09982253771073647,0.1173096976016684,0.09183673469387756,0.10236578707916287,0.0,0.0,0.0,0.0,0.09740259740259741,0.11645962732919254,0.08687258687258688,0.0992063492063492,0.07174744897959184,0.07174744897959184,0.07174744897959184,0.07174744897959184,0.09740259740259741,0.11645962732919254,0.08687258687258688,0.0992063492063492,0.13883677298311445,0.25681708494208494
patient64660_study1_view1_frontal,1,1,1,0.55,0.08162461966276169,0.01964375749230385,2,2,0.8578218221664429,0.011780603788793087,0.9208758473396301,0.10446428571428572,0.1367984693877551,0.08705357142857142,0.10943877551020408,0.05129942602040816,0.05129942602040816,0.05129942602040816,0.05129942602040816,0.09418911007025761,0.1351890756302521,0.06529017857142858,0.09821428571428571,0.05129942602040816,0.05129942602040816,0.05129942602040816,0.05129942602040816,0.09418911007025761,0.1351890756302521,0.06529017857142858,0.09821428571428571,0.10585767306761336,0.15193370165745856
patient64675_study1_view1_frontal,1,1,1,0.57,0.5424911975860596,0.02868625894188881,2,2,0.62513267993927,0.041513752192258835,0.8012963533401489,0.11086474501108648,0.12136862491930278,0.11033493708364174,0.12136862491930278,0.0,0.0,0.0,0.0,0.11636416861826698,0.12136862491930278,0.11033493708364174,0.12136862491930278,0.09506536989795919,0.09506536989795919,0.09506536989795919,0.09506536989795919,0.11636416861826698,0.12136862491930278,0.11033493708364174,0.12136862491930278,0.5730242948896956,0.5949973390101118
patient64687_study1_view1_frontal,1,1,1,0.53,0.8676717281341553,0.0951581597328186,2,2,0.37859928607940674,0.23993074893951416,0.495353639125824,0.28514376996805113,0.3181818181818182,0.12915543575920935,0.3181818181818182,0.28514376996805113,0.49265961078866505,0.49265961078866505,0.49265961078866505,0.34220532319391633,0.4336283185840708,0.14668367346938777,0.4336283185840708,0.24878836833602586,0.4727272727272727,0.4727272727272727,0.4727272727272727,0.34220532319391633,0.4336283185840708,0.14668367346938777,0.4336283185840708,0.291866028708134,0.7126454378444581
patient64691_study1_view1_frontal,1,1,1,0.38,0.0349414087831974,0.10471431165933609,2,2,0.6978912353515625,0.038270577788352966,0.8224645853042603,0.07158251231527094,0.08833586626139818,0.05560427295918367,0.0741390306122449,0.0,0.0,0.0,0.0,0.06660618792971734,0.08896683673469388,0.05560427295918367,0.06806206088992975,0.0,0.0,0.0,0.0,0.06660618792971734,0.08896683673469388,0.05560427295918367,0.06806206088992975,0.0,0.2803408146300914
patient64698_study1_view1_frontal,1,1,1,0.57,0.9664891958236694,0.054003726691007614,2,2,0.8290945887565613,0.015878811478614807,0.9042868614196777,0.29366657199659185,0.3045687689969605,0.2579231016731017,0.3045687689969605,0.12781010841836735,0.12781010841836735,0.12781010841836735,0.12781010841836735,0.3078437019969278,0.3078437019969278,0.17456990418118468,0.3078437019969278,0.0,0.0,0.0,0.0,0.3078437019969278,0.3078437019969278,0.17456990418118468,0.3078437019969278,0.48299319727891155,0.667601683029453
patient64711_study1_view1_frontal,1,1,1,0.51,0.05406894534826279,0.08906535804271698,2,2,0.8692670464515686,0.009046056307852268,0.9266605973243713,0.21912731619844592,0.21912731619844592,0.149906015037594,0.21912731619844592,0.07629145408163265,0.07629145408163265,0.07629145408163265,0.07629145408163265,0.10357142857142858,0.23735119047619047,0.0976530612244898,0.1837557603686636,0.0,0.0,0.0,0.0,0.10357142857142858,0.23735119047619047,0.0976530612244898,0.1837557603686636,0.36146179401993356,0.5793485793485793
patient64712_study1_view1_frontal,1,1,1,0.52,0.19166812300682068,0.023151220753788948,2,2,0.880564272403717,0.0075426260009408,0.9334874749183655,0.16235422740524783,0.18080357142857142,0.14333976833976833,0.1692629179331307,0.0,0.0,0.0,0.0,0.15447295423023577,0.1767857142857143,0.0893860353130016,0.15910714285714286,0.07102997448979592,0.07102997448979592,0.07102997448979592,0.07102997448979592,0.15447295423023577,0.1767857142857143,0.0893860353130016,0.15910714285714286,0.453102045428862,0.4900990099009901
patient64719_study1_view1_frontal,1,1,1,0.42,0.624306857585907,0.18061529099941254,1,1,0.45556461811065674,0.5641530752182007,0.27235445380210876,0.10777310924369748,0.1420265780730897,0.08179209183673469,0.11379769299023958,0.01814300960512273,0.41645244215938304,0.41645244215938304,0.41645244215938304,0.08179209183673469,0.17448979591836736,0.08179209183673469,0.10122336227308602,0.0,0.392514692236313,0.392514692236313,0.392514692236313,0.01814300960512273,0.41645244215938304,0.41645244215938304,0.41645244215938304,0.21856851043377257,0.2486564996368918
patient64738_study1_view1_frontal,1,1,1,0.47,0.6242666840553284,0.05435730889439583,2,2,0.8066663146018982,0.018343647941946983,0.8911721706390381,0.12546306384833297,0.13751809845559845,0.09086017219387756,0.13751809845559845,0.0,0.0,0.0,0.0,0.09209356819650938,0.11434089085072231,0.09086017219387756,0.11307043650793651,0.0,0.0,0.0,0.0,0.09209356819650938,0.11434089085072231,0.09086017219387756,0.11307043650793651,0.3481884057971015,0.5487571701720841
