key,patient,reg_ok,reason,raw45,prior45,cand_zs45,teach45,rect45
patient64541_study1_view1_frontal,patient64541,1,,0.0800751879699248,0.0,0.016018409890804,0.44841930116472545,0.19205409974640744
patient64546_study1_view1_frontal,patient64546,1,,0.0739995216836734,0.0,0.0904462052966165,0.14702233250620347,0.20365291794646775
patient64548_study1_view1_frontal,patient64548,1,,0.1486646677358622,0.0,0.0683869701726844,0.5376344086021505,0.15437430786267994
patient64549_study1_view1_frontal,patient64549,1,,0.0,0.0,0.0632573341836734,0.610586011342155,0.18234043775492617
patient64552_study1_view1_frontal,patient64552,1,,0.5444444444444444,0.54739336492891,0.6031746031746031,0.6391304347826087,0.13659502262443438
patient64553_study1_view1_frontal,patient64553,1,,0.0678066037735849,0.0,0.0487839366515837,0.23,0.15527550954799718
patient64564_study1_view1_frontal,patient64564,1,,0.0,0.0,0.0,0.197216252174803,0.16723157350491183
patient64565_study1_view1_frontal,patient64565,1,,0.0433295324971493,0.0,0.0765006706908115,0.46061922868006516,0.20644796380090497
patient64569_study1_view1_frontal,patient64569,1,,0.1396902520498026,0.0,0.0799860893757607,0.5796093122825796,0.2194918287009424
patient64572_study1_view1_frontal,patient64572,1,,0.0463935574229691,0.0429887410440122,0.035849567099567,0.06332138590203107,0.12864077669902912
patient64580_study1_view1_frontal,patient64580,1,,0.4636542239685658,0.0,0.1292062046990441,0.3822920976417046,0.0
patient64585_study1_view1_frontal,patient64585,1,,0.0561947717231222,0.4111349036402569,0.0559065934065934,0.07855711422845692,0.0
patient64592_study1_view1_frontal,patient64592,1,,0.2992125984251969,0.0,0.1733746130030959,0.4963924963924964,0.016655562958027982
patient64596_study1_view1_frontal,patient64596,1,,0.106519124368535,0.0,0.1046919885094159,0.5110238598610691,0.0
patient64603_study1_view1_frontal,patient64603,1,,0.091765873015873,0.5007363770250368,0.3318460680423871,0.3541267875239275,0.19960649911144962
patient64606_study1_view1_frontal,patient64606,1,,0.105406746031746,0.0538641686182669,0.0975765306122449,0.46431372549019606,0.07600950118764846
patient64609_study1_view1_frontal,patient64609,1,,0.1605839416058394,0.0,0.0852180803645128,0.3792134831460674,0.17411409008047662
patient64610_study1_view1_frontal,patient64610,1,,0.4026748308088946,0.0,0.1593495934959349,0.3407917383820998,0.23839009287925697
patient64611_study1_view1_frontal,patient64611,1,,0.065340909090909,0.0666111573688592,0.0722765363128491,0.20175438596491227,0.0
patient64612_study1_view1_frontal,patient64612,1,,0.064273756377551,0.0,0.064273756377551,0.25393700787401574,0.0
patient64617_study1_view1_frontal,patient64617,1,,0.0799632352941176,0.5211678832116788,0.1122881355932203,0.40021881838074397,0.1948529411764706
patient64621_study1_view1_frontal,patient64621,1,,0.1298554860088365,0.0,0.0,0.18607123870281764,0.07402597402597402
patient64622_study1_view1_frontal,patient64622,1,,0.0548867984693877,0.0,0.0548867984693877,0.2775073028237585,0.16958128078817733
patient64623_study1_view1_frontal,patient64623,1,,0.3659574468085106,0.0,0.108294930875576,0.4350736278447122,0.0
patient64624_study1_view1_frontal,patient64624,1,,0.048425983329889,0.0,0.0317324185248713,0.45571955719557194,0.11782397169394074
patient64626_study1_view1_frontal,patient64626,1,,0.0767270923520923,0.2168505045763905,0.0830161982825917,0.3797872340425532,0.15098944005679296
patient64630_study1_view1_frontal,patient64630,1,,0.0988319856244384,0.0,0.0818452380952381,0.28806818181818183,0.0
patient64633_study1_view1_frontal,patient64633,1,,0.4691995573589081,0.5249690466364012,0.6366042345276873,0.3982919254658385,0.21947226502311248
patient64636_study1_view1_frontal,patient64636,1,,0.1004720853858784,0.0,0.0887418419144307,0.34104046242774566,0.0
patient64639_study1_view1_frontal,patient64639,1,,0.2706766917293233,0.0,0.1299126637554585,0.29526003949967083,0.09542410714285714
patient64641_study1_view1_frontal,patient64641,1,,0.3451626099406831,0.0,0.1849250936329588,0.27873734365693864,0.211864406779661
patient64642_study1_view1_frontal,patient64642,1,,0.54859287054409,0.539974884889075,0.5718539102818578,0.4026707755521315,0.104924578527063
patient64644_study1_view1_frontal,patient64644,1,,0.0817454268292682,0.0,0.06875,0.44729270206643995,0.06639004149377593
patient64646_study1_view1_frontal,patient64646,1,,0.1877784850413749,0.0,0.1285607993197279,0.06173285198555957,0.11235955056179775
patient64647_study1_view1_frontal,patient64647,1,,0.0,0.0,0.1056547619047619,0.22643243243243244,0.022215946531111738
patient64650_study1_view1_frontal,patient64650,1,,0.6643567339560108,0.0,0.096260162601626,0.34739324076499867,0.07282668124658283
patient64654_study1_view1_frontal,patient64654,1,,0.0998225377107364,0.0,0.0974025974025974,0.1427318570488928,0.0
patient64655_study1_view1_frontal,patient64655,1,,0.1101000909918107,0.0,0.0982142857142857,0.453254132231405,0.30976
patient64660_study1_view1_frontal,patient64660,1,,0.1044642857142857,0.0512994260204081,0.0941891100702576,0.10784313725490197,0.0
patient64663_study1_view1_frontal,patient64663,1,,0.1957831325301204,0.1829268292682926,0.2112259970457902,0.22672064777327935,0.22880490296220635
patient64664_study1_view1_frontal,patient64664,1,,0.3793103448275862,0.3415251174557282,0.3819864720541118,0.23860021208907742,0.0
patient64669_study1_view1_frontal,patient64669,1,,0.0719866071428571,0.0,0.0677521008403361,0.2665706051873199,0.0
patient64671_study1_view1_frontal,patient64671,1,,0.6713218577460215,0.0,0.1112929623567921,0.31931979215871514,0.0
patient64672_study1_view1_frontal,patient64672,1,,0.455494071146245,0.0,0.1102564102564102,0.46280215911757805,0.0
patient64673_study1_view1_frontal,patient64673,1,,0.1480508870214752,0.0,0.1104965156794425,0.5966386554621849,0.1989247311827957
patient64674_study1_view1_frontal,patient64674,1,,0.435578502698897,0.0,0.1351313038239359,0.6141732283464567,0.025659891474294122
patient64675_study1_view1_frontal,patient64675,1,,0.1108647450110864,0.0,0.1163641686182669,0.6039832285115304,0.24010931806350858
patient64676_study1_view1_frontal,patient64676,1,,0.4260756192959583,0.3628691983122363,0.4290084119296456,0.439660166055223,0.22448181462651545
patient64684_study1_view1_frontal,patient64684,1,,0.1570566948130277,0.0500438456632653,0.1547249334516415,0.12455357142857143,0.0
patient64687_study1_view1_frontal,patient64687,1,,0.2851437699680511,0.2851437699680511,0.3422053231939163,0.28695652173913044,0.18584070796460178
patient64689_study1_view1_frontal,patient64689,1,,0.2647058823529412,0.0,0.057618437900128,0.3111111111111111,0.0
patient64691_study1_view1_frontal,patient64691,1,,0.0715825123152709,0.0,0.0666061879297173,0.0,0.0
patient64692_study1_view1_frontal,patient64692,1,,0.4485520640788663,0.1970187945560596,0.2079383886255924,0.16501128668171558,0.0
patient64693_study1_view1_frontal,patient64693,1,,0.0,0.0728435905612244,0.0,0.49001744524132584,0.0
patient64698_study1_view1_frontal,patient64698,1,,0.2936665719965918,0.1278101084183673,0.3078437019969278,0.47015945330296127,0.0
patient64700_study1_view1_frontal,patient64700,1,,0.4982775590551181,0.0,0.15904509952129,0.3476944988427986,0.36200716845878134
patient64702_study1_view1_frontal,patient64702,1,,0.1817125788250912,0.0,0.0881468658892128,0.4033970276008493,0.11641644105340881
patient64711_study1_view1_frontal,patient64711,1,,0.2191273161984459,0.0762914540816326,0.1035714285714285,0.34273772204806685,0.0
patient64712_study1_view1_frontal,patient64712,1,,0.1623542274052478,0.0,0.1544729542302357,0.4492087109427837,0.0
patient64717_study1_view1_frontal,patient64717,1,,0.4122245913290689,0.4430512016718913,0.5555555555555556,0.5444149817699702,0.4778411584028083
patient64719_study1_view1_frontal,patient64719,1,,0.1077731092436974,0.0181430096051227,0.0817920918367346,0.22941842900302115,0.19808861859252824
patient64722_study1_view1_frontal,patient64722,1,,0.1856952887537994,0.0779257015306122,0.1678399725274725,0.3225966303270565,0.0
patient64729_study1_view1_frontal,patient64729,1,,0.4191937210132001,0.3900304414003044,0.4414414414414414,0.4372119815668203,0.28527547219136007
patient64732_study1_view1_frontal,patient64732,1,,0.0,0.0767299107142857,0.0838414634146341,0.2467866323907455,0.22765028861044628
patient64738_study1_view1_frontal,patient64738,1,,0.1254630638483329,0.0,0.0920935681965093,0.34393507348102653,0.2519778013933168
