key,patient,raw45,rect45_gt,rectnet45
patient64545_study1_view1_frontal,patient64545,0.0,0.0498489425981873,0.18294914013904134
patient64546_study1_view1_frontal,patient64546,0.0,0.080217539089055,0.162046298942555
patient64548_study1_view1_frontal,patient64548,0.0,0.3499653499653499,0.6235606731620903
patient64552_study1_view1_frontal,patient64552,0.1238426469897071,0.2931140801644398,0.3895439031957803
patient64555_study1_view1_frontal,patient64555,0.0,0.1692063492063492,0.1751090238175109
patient64560_study1_view1_frontal,patient64560,0.0,0.4301833568406206,0.4519650655021834
patient64561_study1_view1_frontal,patient64561,0.0,0.2466901290430702,0.2291253580083719
patient64564_study1_view1_frontal,patient64564,0.0,0.0999666777740753,0.0847837215254671
patient64566_study1_view1_frontal,patient64566,0.0063576211734693,0.0328798185941043,0.0
patient64569_study1_view1_frontal,patient64569,0.043765943877551,0.1642997061704211,0.212618841832325
patient64571_study1_view1_frontal,patient64571,0.0146484375,0.0623885918003565,0.06181665264928511
patient64580_study1_view1_frontal,patient64580,0.1010443239795918,0.0759345794392523,0.21070234113712374
patient64582_study1_view1_frontal,patient64582,0.0,0.1372141372141372,0.2342599192207175
patient64583_study1_view1_frontal,patient64583,0.0,0.2613259668508287,0.41678810842320024
patient64592_study1_view1_frontal,patient64592,0.0,0.1388560157790927,0.3294974508375819
patient64603_study1_view1_frontal,patient64603,0.0,0.141938992435853,0.6462219411950679
patient64607_study1_view1_frontal,patient64607,0.0,0.0024213075060532,0.0
patient64608_study1_view1_frontal,patient64608,0.0,0.2601156069364161,0.20765027322404372
patient64609_study1_view1_frontal,patient64609,0.0040656887755102,0.0,0.005303550258938042
patient64612_study1_view1_frontal,patient64612,0.0,0.0447370102895123,0.2574002574002574
patient64614_study1_view1_frontal,patient64614,0.0,0.0821325648414985,0.24049429657794677
patient64619_study1_view1_frontal,patient64619,0.033462213010204,0.136681862585477,0.20799421233496113
patient64620_study1_view1_frontal,patient64620,0.0442442602040816,0.1093102148511119,0.4066726780883679
patient64623_study1_view1_frontal,patient64623,0.0,0.0636634400595681,0.21431040442447286
patient64624_study1_view1_frontal,patient64624,0.2463898916967509,0.1027114647804302,0.2073170731707317
patient64630_study1_view1_frontal,patient64630,0.0,0.1706753006475485,0.3065710319296622
patient64633_study1_view1_frontal,patient64633,0.261558784676354,0.2780212899185973,0.3770491803278688
patient64635_study1_view1_frontal,patient64635,0.0,0.1483957219251337,0.25107660185306013
patient64639_study1_view1_frontal,patient64639,0.0,0.1436331682377376,0.296144016001778
patient64640_study1_view1_frontal,patient64640,0.2571955719557195,0.1296252465483234,0.17676767676767677
patient64641_study1_view1_frontal,patient64641,0.3139208969168483,0.2110316944624936,0.25354533734422
patient64643_study1_view1_frontal,patient64643,0.2459016393442623,0.2410504311471126,0.5005959475566151
patient64644_study1_view1_frontal,patient64644,0.0262276785714285,0.0822705676419104,0.06132075471698113
patient64648_study1_view1_frontal,patient64648,0.0234773596938775,0.0732860520094562,0.10068991236248369
patient64649_study1_view1_frontal,patient64649,0.0352160395408163,0.1111111111111111,0.22367088607594937
patient64650_study1_view1_frontal,patient64650,0.0,0.0660919540229885,0.26855713094245204
patient64652_study1_view1_frontal,patient64652,0.1548610221596003,0.4687390848760042,0.12258245351770532
patient64654_study1_view1_frontal,patient64654,0.2180166540499621,0.2157521691311255,0.23482321547698465
patient64655_study1_view1_frontal,patient64655,0.0489676339285714,0.2320599785790789,0.19826824527301642
patient64656_study1_view1_frontal,patient64656,0.3078089461713419,0.2957848837209302,0.5613438230916437
patient64658_study1_view1_frontal,patient64658,0.0,0.0886053517632465,0.07906295754026355
patient64659_study1_view1_frontal,patient64659,0.0,0.0983102918586789,0.14811386253182135
patient64660_study1_view1_frontal,patient64660,0.0,0.124011075949367,0.16252518468770988
patient64664_study1_view1_frontal,patient64664,0.0,0.6020524515393386,0.37814280925243043
patient64666_study1_view1_frontal,patient64666,0.0,0.3646630236794171,0.44074074074074077
patient64667_study1_view1_frontal,patient64667,0.0205551857797267,0.089605734767025,0.1780359820089955
patient64668_study1_view1_frontal,patient64668,0.0,0.0985671442852382,0.3522267206477733
patient64669_study1_view1_frontal,patient64669,0.0,0.2533801580333626,0.5343239227340267
patient64670_study1_view1_frontal,patient64670,0.0,0.3592845416054609,0.1300256629597947
patient64674_study1_view1_frontal,patient64674,0.0299455535390199,0.0174973488865323,0.036753445635528334
patient64675_study1_view1_frontal,patient64675,0.0,0.2804044008325899,0.24171936970736413
patient64676_study1_view1_frontal,patient64676,0.0,0.1788341822297679,0.18761496014714898
patient64678_study1_view1_frontal,patient64678,0.0,0.0655200655200655,0.2617039837161966
patient64681_study1_view1_frontal,patient64681,0.0963807397959183,0.347114556416882,0.7097643097643098
patient64683_study1_view1_frontal,patient64683,0.0355149872448979,0.4465116279069767,0.1522491349480969
patient64684_study1_view1_frontal,patient64684,0.5202729827378563,0.136008736008736,0.4612962962962963
patient64686_study1_view1_frontal,patient64686,0.0,0.1480263157894736,0.27256425582785415
patient64689_study1_view1_frontal,patient64689,0.0,0.2431761786600496,0.0944114511953708
patient64692_study1_view1_frontal,patient64692,0.310492505353319,0.0,0.3893865134358628
patient64693_study1_view1_frontal,patient64693,0.0,0.1334792122538293,0.16974538192710933
patient64694_study1_view1_frontal,patient64694,0.0511798469387755,0.1462664464316227,0.27705223880597013
patient64697_study1_view1_frontal,patient64697,0.0772480867346938,0.3396961433580054,0.34344894026974954
patient64699_study1_view1_frontal,patient64699,0.0,0.1583820662768031,0.07203667321545514
patient64701_study1_view1_frontal,patient64701,0.0,0.697281993204983,0.2517786561264822
patient64702_study1_view1_frontal,patient64702,0.0674426020408163,0.4911717495987159,0.4136436230892083
patient64714_study1_view1_frontal,patient64714,0.0921556122448979,0.4068154801215163,0.21034838952014273
patient64715_study1_view1_frontal,patient64715,0.0950570342205323,0.1405883884405102,0.2620347394540943
patient64717_study1_view1_frontal,patient64717,0.0587531887755102,0.4107776702161987,0.2608695652173913
patient64722_study1_view1_frontal,patient64722,0.0,0.110912471395881,0.2300380228136882
patient64725_study1_view1_frontal,patient64725,0.0376873405612244,0.1281165311653116,0.09153394803017603
patient64734_study1_view1_frontal,patient64734,0.0647321428571428,0.2124542124542124,0.33135354798374494
patient64735_study1_view1_frontal,patient64735,0.0,0.1590566296448649,0.16966580976863754
patient64740_study1_view1_frontal,patient64740,0.0655691964285714,0.4551743220807969,0.452319587628866
