key,patient,raw45,rect45_gt_native,rect224_gt,rectnet45,corner_px_err
patient64545_study1_view1_frontal,patient64545,0.0,0.0498489425981873,0.047819433817903594,0.1829491401390413,4.367178916931152
patient64546_study1_view1_frontal,patient64546,0.0,0.080217539089055,0.7218543046357616,0.162046298942555,3.0600686073303223
patient64548_study1_view1_frontal,patient64548,0.0,0.3499653499653499,0.5838645856232139,0.6235606731620903,2.5955395698547363
patient64552_study1_view1_frontal,patient64552,0.1238426469897071,0.2931140801644398,0.36001255492780915,0.3895439031957803,4.530945777893066
patient64555_study1_view1_frontal,patient64555,0.0,0.1692063492063492,0.20018115942028986,0.1751090238175109,2.903834581375122
patient64560_study1_view1_frontal,patient64560,0.0,0.4301833568406206,0.6556442417331813,0.4519650655021834,7.395594596862793
patient64561_study1_view1_frontal,patient64561,0.0,0.2466901290430702,0.23641894828335505,0.2291253580083719,2.1953792572021484
patient64564_study1_view1_frontal,patient64564,0.0,0.0999666777740753,0.0983477576711251,0.0847837215254671,1.3314216136932373
patient64566_study1_view1_frontal,patient64566,0.0063576211734693,0.0328798185941043,0.0,0.0,3.1500048637390137
patient64569_study1_view1_frontal,patient64569,0.043765943877551,0.1642997061704211,0.19409761634506242,0.212618841832325,3.8799896240234375
patient64571_study1_view1_frontal,patient64571,0.0146484375,0.0623885918003565,0.06491785903550609,0.0618166526492851,2.094005584716797
patient64580_study1_view1_frontal,patient64580,0.1010443239795918,0.0759345794392523,0.23944805194805194,0.2107023411371237,3.124107599258423
patient64582_study1_view1_frontal,patient64582,0.0,0.1372141372141372,0.21828711437799309,0.2342599192207175,2.6004276275634766
patient64583_study1_view1_frontal,patient64583,0.0,0.2613259668508287,0.4056268779022125,0.4167881084232002,2.589383363723755
patient64592_study1_view1_frontal,patient64592,0.0,0.1388560157790927,0.3161175422974176,0.3294974508375819,2.8826839923858643
patient64603_study1_view1_frontal,patient64603,0.0,0.141938992435853,0.6693012962377489,0.6462219411950679,3.3325929641723633
patient64607_study1_view1_frontal,patient64607,0.0,0.0024213075060532,0.021347248576850095,0.0,9.853748321533203
patient64608_study1_view1_frontal,patient64608,0.0,0.2601156069364161,0.195971692977681,0.2076502732240437,3.6500840187072754
patient64609_study1_view1_frontal,patient64609,0.0040656887755102,0.0,0.00842835894893406,0.005303550258938,4.608470439910889
patient64612_study1_view1_frontal,patient64612,0.0,0.0447370102895123,0.1961425302386401,0.2574002574002574,4.123055458068848
patient64614_study1_view1_frontal,patient64614,0.0,0.0821325648414985,0.17868020304568527,0.2404942965779467,4.806621074676514
patient64619_study1_view1_frontal,patient64619,0.033462213010204,0.136681862585477,0.21278053794757582,0.2079942123349611,4.30826473236084
patient64620_study1_view1_frontal,patient64620,0.0442442602040816,0.1093102148511119,0.3471657173854082,0.4066726780883679,2.322528839111328
patient64623_study1_view1_frontal,patient64623,0.0,0.0636634400595681,0.19331646917853815,0.2143104044244728,2.790398597717285
patient64624_study1_view1_frontal,patient64624,0.2463898916967509,0.1027114647804302,0.217846538521644,0.2073170731707317,5.328657627105713
patient64630_study1_view1_frontal,patient64630,0.0,0.1706753006475485,0.32231404958677684,0.3065710319296622,2.1119537353515625
patient64633_study1_view1_frontal,patient64633,0.261558784676354,0.2780212899185973,0.3950391644908616,0.3770491803278688,6.191495895385742
patient64635_study1_view1_frontal,patient64635,0.0,0.1483957219251337,0.23561107029145237,0.2510766018530601,3.496551036834717
patient64639_study1_view1_frontal,patient64639,0.0,0.1436331682377376,0.5157593123209169,0.296144016001778,3.46775484085083
patient64640_study1_view1_frontal,patient64640,0.2571955719557195,0.1296252465483234,0.0685617641319196,0.1767676767676767,3.825157642364502
patient64641_study1_view1_frontal,patient64641,0.3139208969168483,0.2110316944624936,0.28020086083213774,0.25354533734422,3.5561864376068115
patient64643_study1_view1_frontal,patient64643,0.2459016393442623,0.2410504311471126,0.4910358565737052,0.5005959475566151,5.129786968231201
patient64644_study1_view1_frontal,patient64644,0.0262276785714285,0.0822705676419104,0.12243561763422087,0.0613207547169811,6.6900553703308105
patient64648_study1_view1_frontal,patient64648,0.0234773596938775,0.0732860520094562,0.13237990465713237,0.1006899123624836,2.3306400775909424
patient64649_study1_view1_frontal,patient64649,0.0352160395408163,0.1111111111111111,0.22145632284747463,0.2236708860759493,4.713710784912109
patient64650_study1_view1_frontal,patient64650,0.0,0.0660919540229885,0.24506424318395487,0.268557130942452,7.40030574798584
patient64652_study1_view1_frontal,patient64652,0.1548610221596003,0.4687390848760042,0.12781954887218044,0.1225824535177053,4.532173156738281
patient64654_study1_view1_frontal,patient64654,0.2180166540499621,0.2157521691311255,0.2339671285852401,0.2348232154769846,2.5164918899536133
patient64655_study1_view1_frontal,patient64655,0.0489676339285714,0.2320599785790789,0.2226999140154772,0.1982682452730164,1.779537320137024
patient64656_study1_view1_frontal,patient64656,0.3078089461713419,0.2957848837209302,0.5443334042100787,0.5613438230916437,1.660343885421753
patient64658_study1_view1_frontal,patient64658,0.0,0.0886053517632465,0.09885821650527533,0.0790629575402635,4.018280029296875
patient64659_study1_view1_frontal,patient64659,0.0,0.0983102918586789,0.152331494103646,0.1481138625318213,2.725837230682373
patient64660_study1_view1_frontal,patient64660,0.0,0.124011075949367,0.19383723992625757,0.1625251846877098,4.957988262176514
patient64664_study1_view1_frontal,patient64664,0.0,0.6020524515393386,0.3808264462809917,0.3781428092524304,1.1517139673233032
patient64666_study1_view1_frontal,patient64666,0.0,0.3646630236794171,0.4560787069571328,0.4407407407407407,2.8927431106567383
patient64667_study1_view1_frontal,patient64667,0.0205551857797267,0.089605734767025,0.16704765254088272,0.1780359820089955,4.835936546325684
patient64668_study1_view1_frontal,patient64668,0.0,0.0985671442852382,0.22301094350783793,0.3522267206477733,3.0234060287475586
patient64669_study1_view1_frontal,patient64669,0.0,0.2533801580333626,0.5654008438818565,0.5343239227340267,12.598053932189941
patient64670_study1_view1_frontal,patient64670,0.0,0.3592845416054609,0.13549295774647888,0.1300256629597947,2.1201634407043457
patient64674_study1_view1_frontal,patient64674,0.0299455535390199,0.0174973488865323,0.04294234592445328,0.0367534456355283,3.1918601989746094
patient64675_study1_view1_frontal,patient64675,0.0,0.2804044008325899,0.1224225352112676,0.2417193697073641,2.4084439277648926
patient64676_study1_view1_frontal,patient64676,0.0,0.1788341822297679,0.16577788082541153,0.1876149601471489,7.286655426025391
patient64678_study1_view1_frontal,patient64678,0.0,0.0655200655200655,0.22,0.2617039837161966,3.441331386566162
patient64681_study1_view1_frontal,patient64681,0.0963807397959183,0.347114556416882,0.6429372197309418,0.7097643097643098,5.061975002288818
patient64683_study1_view1_frontal,patient64683,0.0355149872448979,0.4465116279069767,0.15636960087479496,0.1522491349480969,6.633930683135986
patient64684_study1_view1_frontal,patient64684,0.5202729827378563,0.136008736008736,0.27530946065428824,0.4612962962962963,3.6213788986206055
patient64686_study1_view1_frontal,patient64686,0.0,0.1480263157894736,0.3039348710990502,0.2725642558278541,4.839852809906006
patient64689_study1_view1_frontal,patient64689,0.0,0.2431761786600496,0.07506053268765134,0.0944114511953708,4.506799697875977
patient64692_study1_view1_frontal,patient64692,0.310492505353319,0.0,0.3633435335802867,0.3893865134358628,4.8997392654418945
patient64693_study1_view1_frontal,patient64693,0.0,0.1334792122538293,0.22721749696233293,0.1697453819271093,6.005743026733398
patient64694_study1_view1_frontal,patient64694,0.0511798469387755,0.1462664464316227,0.27253371185237757,0.2770522388059701,5.45757532119751
patient64697_study1_view1_frontal,patient64697,0.0772480867346938,0.3396961433580054,0.19833285426846795,0.3434489402697495,1.5829185247421265
patient64699_study1_view1_frontal,patient64699,0.0,0.1583820662768031,0.11958552743332768,0.0720366732154551,3.765429735183716
patient64701_study1_view1_frontal,patient64701,0.0,0.697281993204983,0.23320795271359485,0.2517786561264822,3.4351909160614014
patient64702_study1_view1_frontal,patient64702,0.0674426020408163,0.4911717495987159,0.485273815002301,0.4136436230892083,3.294527292251587
patient64714_study1_view1_frontal,patient64714,0.0921556122448979,0.4068154801215163,0.19945408461688438,0.2103483895201427,3.8238158226013184
patient64715_study1_view1_frontal,patient64715,0.0950570342205323,0.1405883884405102,0.25712198685171656,0.2620347394540943,2.3958468437194824
patient64717_study1_view1_frontal,patient64717,0.0587531887755102,0.4107776702161987,0.14150814287669358,0.2608695652173913,1.9137518405914307
patient64722_study1_view1_frontal,patient64722,0.0,0.110912471395881,0.2747603833865815,0.2300380228136882,4.046631336212158
patient64725_study1_view1_frontal,patient64725,0.0376873405612244,0.1281165311653116,0.15930857276337304,0.091533948030176,3.4686179161071777
patient64734_study1_view1_frontal,patient64734,0.0647321428571428,0.2124542124542124,0.3086382268103841,0.3313535479837449,3.877584457397461
patient64735_study1_view1_frontal,patient64735,0.0,0.1590566296448649,0.18456375838926176,0.1696658097686375,0.8284299373626709
patient64740_study1_view1_frontal,patient64740,0.0655691964285714,0.4551743220807969,0.437219730941704,0.452319587628866,2.0277507305145264
