key,patient,pairloc45,raw45_ref,agree_p,shift
patient64541_study1_view1_frontal,patient64541,0.0,0.08007518796992481,0.5616180696458121,0.15007174744897958
patient64546_study1_view1_frontal,patient64546,0.3218390804597701,0.07399952168367346,0.4579862989407322,0.13375508359692725
patient64548_study1_view1_frontal,patient64548,0.5802631578947368,0.1486646677358622,0.7894614473196749,0.35049789180945545
patient64549_study1_view1_frontal,patient64549,0.0,0.0,0.4156381850810002,0.15001195790816327
patient64552_study1_view1_frontal,patient64552,0.5586034912718204,0.5444444444444444,0.7352419476849266,0.4890207715133531
patient64553_study1_view1_frontal,patient64553,0.18448771145866583,0.06780660377358491,0.5829052291105862,0.15001195790816327
patient64564_study1_view1_frontal,patient64564,0.3300663926651913,0.0,0.7571633564139942,0.15009167729591838
patient64565_study1_view1_frontal,patient64565,0.3674781809830041,0.043329532497149374,0.44183792375687014,0.14703641627304587
patient64569_study1_view1_frontal,patient64569,0.43043478260869567,0.13969025204980262,0.37607815144725787,0.167067028283611
patient64572_study1_view1_frontal,patient64572,0.0,0.04639355742296919,0.5611801223021191,0.15009167729591838
patient64580_study1_view1_frontal,patient64580,0.4827586206896552,0.4636542239685658,0.722862979403667,0.7563878193909696
patient64585_study1_view1_frontal,patient64585,0.10567177054129825,0.05619477172312224,0.43152094406676994,0.20483277324371899
patient64592_study1_view1_frontal,patient64592,0.3044722719141324,0.2992125984251969,0.5257700567395333,0.4797994691831318
patient64596_study1_view1_frontal,patient64596,0.3192244029321353,0.106519124368535,0.5771906364236458,0.15041055484693877
patient64603_study1_view1_frontal,patient64603,0.645771878072763,0.09176587301587301,0.6821251974731943,0.20499479708636836
patient64606_study1_view1_frontal,patient64606,0.10724324324324325,0.10540674603174603,0.3458606751917752,0.1625627170976457
patient64609_study1_view1_frontal,patient64609,0.45725094577553593,0.16058394160583941,0.5589994734006077,0.3163693599160546
patient64610_study1_view1_frontal,patient64610,0.41636121292902367,0.4026748308088946,0.7407060115849765,0.699097065462754
patient64611_study1_view1_frontal,patient64611,0.06069802731411229,0.06534090909090909,0.33709034940091387,0.2131979695431472
patient64612_study1_view1_frontal,patient64612,0.37263843648208467,0.06427375637755102,0.5757217324826838,0.06024350763600535
patient64617_study1_view1_frontal,patient64617,0.10490598048918422,0.07996323529411764,0.34033749920256734,0.22287199480181935
patient64621_study1_view1_frontal,patient64621,0.2356902356902357,0.12985548600883653,0.31685473767025213,0.13203007518796991
patient64622_study1_view1_frontal,patient64622,0.16580310880829016,0.05488679846938776,0.5741744442744908,0.15021125637755103
patient64623_study1_view1_frontal,patient64623,0.49361702127659574,0.3659574468085106,0.5985496519054051,0.2715600979812484
patient64624_study1_view1_frontal,patient64624,0.412166003411029,0.048425983329889094,0.3808210764766227,0.07145907473309608
patient64626_study1_view1_frontal,patient64626,0.3565538811487063,0.07672709235209235,0.31277191103719426,0.2690624473994277
patient64630_study1_view1_frontal,patient64630,0.28393754961630063,0.09883198562443846,0.4577661104001988,0.11066843736166446
patient64633_study1_view1_frontal,patient64633,0.4562422231439237,0.46919955735890817,0.8413239472870958,0.3624106415708986
patient64636_study1_view1_frontal,patient64636,0.0,0.10047208538587848,0.38647169781044044,0.15001195790816327
patient64639_study1_view1_frontal,patient64639,0.2706766917293233,0.2706766917293233,0.39682605035750884,0.2512041189171234
patient64641_study1_view1_frontal,patient64641,0.4115907746895328,0.34516260994068315,0.5899081047612387,0.7340474545035706
patient64642_study1_view1_frontal,patient64642,0.54859287054409,0.54859287054409,0.7679295026002096,0.46389347847215473
patient64644_study1_view1_frontal,patient64644,0.1248729244323958,0.08174542682926829,0.632968068838528,0.21638655462184875
patient64646_study1_view1_frontal,patient64646,0.24928716904276985,0.18777848504137493,0.5733574239796216,0.1501514668367347
patient64647_study1_view1_frontal,patient64647,0.0,0.0,0.4231306033362895,0.15001195790816327
patient64650_study1_view1_frontal,patient64650,0.7263157894736842,0.6643567339560108,0.7509151536887271,0.46122488595554695
patient64654_study1_view1_frontal,patient64654,0.26424870466321243,0.09982253771073647,0.6740449994285251,0.20038243964624333
patient64655_study1_view1_frontal,patient64655,0.25315227934044615,0.11010009099181074,0.38069928122735935,0.1220475374413233
patient64660_study1_view1_frontal,patient64660,0.1974009900990099,0.10446428571428572,0.7571462736880467,0.15001195790816327
patient64663_study1_view1_frontal,patient64663,0.18292682926829268,0.19578313253012047,0.6990353340947,0.1548594623573562
patient64664_study1_view1_frontal,patient64664,0.5451895043731778,0.3793103448275862,0.76618842181355,0.66674047829938
patient64669_study1_view1_frontal,patient64669,0.3278520041109969,0.07198660714285714,0.5808978096235693,0.15001195790816327
patient64671_study1_view1_frontal,patient64671,0.6280447662936142,0.6713218577460215,0.7228513278419424,0.608844264046144
patient64672_study1_view1_frontal,patient64672,0.5786093888396812,0.45549407114624507,0.752965185304304,0.5204359673024523
patient64673_study1_view1_frontal,patient64673,0.5111275964391692,0.14805088702147526,0.5605725916018751,0.32774739813018167
patient64674_study1_view1_frontal,patient64674,0.44997684113015285,0.435578502698897,0.6066399688255626,0.7180481130999886
patient64675_study1_view1_frontal,patient64675,0.4305008441193022,0.11086474501108648,0.5036290464090943,0.15502032676229194
patient64676_study1_view1_frontal,patient64676,0.5086258179654968,0.4260756192959583,0.6527537368730391,0.39998140053938436
patient64684_study1_view1_frontal,patient64684,0.41471571906354515,0.15705669481302775,0.4685846978360939,0.4874098943418584
patient64687_study1_view1_frontal,patient64687,0.22231270358306188,0.28514376996805113,0.46284297903047866,0.2193422971002754
patient64689_study1_view1_frontal,patient64689,0.2647058823529412,0.2647058823529412,1.0,0.15001195790816327
patient64691_study1_view1_frontal,patient64691,0.4968152866242038,0.07158251231527094,0.419361179259401,0.23892131875359698
patient64692_study1_view1_frontal,patient64692,0.46153846153846156,0.4485520640788663,0.7334701402520507,0.3572329310034228
patient64693_study1_view1_frontal,patient64693,0.32421667551779076,0.0,0.7572430758017493,0.15001195790816327
patient64698_study1_view1_frontal,patient64698,0.2245438952128489,0.29366657199659185,0.44301412547537417,0.4484714477985003
patient64700_study1_view1_frontal,patient64700,0.521725636250776,0.4982775590551181,0.7391167545952588,0.7263761467889909
patient64702_study1_view1_frontal,patient64702,0.27285254937988057,0.18171257882509126,0.3660717470676388,0.24939829031454894
patient64711_study1_view1_frontal,patient64711,0.3573667711598746,0.21912731619844592,0.383232003567067,0.19438273563947953
patient64712_study1_view1_frontal,patient64712,0.004056795131845842,0.16235422740524783,0.45913951638491296,0.08526740665993945
patient64717_study1_view1_frontal,patient64717,0.5172413793103449,0.41222459132906897,0.7650790850644833,0.4971672795944737
patient64719_study1_view1_frontal,patient64719,0.045755568934376885,0.10777310924369748,0.491947708483959,0.14408389695265597
patient64722_study1_view1_frontal,patient64722,0.2617547261269995,0.1856952887537994,0.5784049048456344,0.15007174744897958
patient64729_study1_view1_frontal,patient64729,0.4357285429141717,0.4191937210132001,0.6151017528766294,0.5945344772799491
patient64732_study1_view1_frontal,patient64732,0.4426955238563699,0.0,0.5410766602111672,0.023029891304347825
patient64738_study1_view1_frontal,patient64738,0.32518692110255554,0.12546306384833297,0.44268924024866685,0.025222652797606906
