key,patient,raw,full,no_ident
00000211_019.png,00000211,0.5626126672548697,0.539461278983927,0.3786284569629834
00000211_041.png,00000211,0.5540415053846431,0.5327568369917239,0.4348493805582688
00000377_004.png,00000377,0.5729945828607238,0.5283457875944272,0.42703711816615303
00000398_003.png,00000398,0.18978747078476102,0.23041033889689685,0.3096653508644492
00000661_000.png,00000661,0.5272031443232338,0.5173842040407441,0.4713418060910487
00000732_005.png,00000732,0.6521145423082567,0.7082855347494631,0.5817540086534985
00000740_000.png,00000740,0.574453192143335,0.4545771611201302,0.43186127927492907
00000756_001.png,00000756,0.40501404142756875,0.366401410068759,0.4211421873914187
00000845_000.png,00000845,0.6649459698162722,0.4032061618044822,0.27501672632619617
00001369_000.png,00001369,0.4510397148338551,0.4113192794240985,0.39951433805542774
00001373_009.png,00001373,0.5280215976678886,0.36601835779768066,0.31511916731938133
00001373_039.png,00001373,0.35179732991020574,0.2765330986532093,0.29194641890601114
00001534_005.png,00001534,0.33043736763903336,0.25705180205472056,0.32000326378240723
00002059_008.png,00002059,0.3630651273268957,0.33924746392848804,0.30955169107835573
00002435_005.png,00002435,0.36730567469204306,0.553408765518553,0.4827899104622442
00002704_029.png,00002704,0.2996765561626484,0.26654276954593875,0.48257277608182214
00002763_031.png,00002763,0.3739634480541322,0.26800713777212803,0.26925368259897514
00003394_006.png,00003394,0.2905802433233045,0.21721098471296177,0.5548911657947533
00004342_002.png,00004342,0.6034789955605456,0.5135136987487292,0.34149026197017207
00004342_020.png,00004342,0.4371631109726124,0.34739094291639955,0.6582745896975171
00004342_023.png,00004342,0.191495198902606,0.0804596779064678,0.7709952234085171
00004344_013.png,00004344,0.45447329128667646,0.3091923882335443,0.2728721624702612
00004344_014.png,00004344,0.5099647948357042,0.326582476132345,0.2876705215293422
00004344_018.png,00004344,0.5991487459148241,0.5419020185075188,0.5262822703377709
00004344_022.png,00004344,0.33533780532910273,0.4298004334826535,0.40050549153952114
00004344_046.png,00004344,0.4265525767699598,0.2955536838134263,0.29008046744651095
00004381_021.png,00004381,0.2727430317041503,0.2851334397449344,0.5325226135410943
00004461_000.png,00004461,0.6149243060150696,0.6604211026610745,0.5950215308682121
00004533_014.png,00004533,0.27575340518406183,0.2992672614400671,0.34486989175474403
00004534_001.png,00004534,0.36198837988955757,0.3973386419101026,0.4861125795859992
00004578_004.png,00004578,0.3166401560154396,0.6540268898456354,0.42481427342075156
00004630_001.png,00004630,0.5132372760599255,0.5013841498744608,0.5885091418270778
00004822_051.png,00004822,0.3127024674422942,0.4254630527169848,0.39873368811954096
00004893_085.png,00004893,0.39992362755303207,0.26120164575428595,0.25900083366145604
00005066_005.png,00005066,0.36384866456869036,0.35365198288927274,0.47861462185342596
00005066_030.png,00005066,0.523509993991319,0.47765399838159295,0.4372083682100252
00005532_000.png,00005532,0.41515665001918034,0.36614979242820395,0.34131528476785616
00005532_014.png,00005532,0.23010729556958523,0.28481895881039765,0.5867164413308247
00005532_016.png,00005532,0.25402933158732094,0.2539071026385066,0.23720524778085214
00005827_000.png,00005827,0.37124851895868677,0.2256680646861819,0.23077012527908686
00006912_007.png,00006912,0.690949853153212,0.6266631752941756,0.7400206142388549
00007037_000.png,00007037,0.5467717780979564,0.5426005186501737,0.5247758544245367
00007043_000.png,00007043,0.6492043711656441,0.5410036426380368,0.5379481403374233
00007551_020.png,00007551,0.577070319295649,0.5554316648070405,0.4837551733613583
00007735_040.png,00007735,0.5559135233807504,0.38646763392857125,0.3460453947866221
00008339_010.png,00008339,0.42740747233171633,0.24875567172745394,0.23128109974659974
00008365_000.png,00008365,0.3222014449777671,0.3351967456824751,0.2747923692503036
00008399_007.png,00008399,0.2824287989182775,0.18394019047784776,0.3722715264163496
00008522_032.png,00008522,0.2913190748556436,0.37670814964317734,0.357794259434852
00009608_024.png,00009608,0.42497174996438103,0.39102549878795445,0.2505088762847334
00009705_000.png,00009705,0.20546130190277337,0.1741954516132209,0.2035915832808068
00009745_000.png,00009745,0.29490282688076846,0.2473548621912705,0.23622391845539187
00010381_000.png,00010381,0.3103048637280753,0.24506508175559422,0.25119170879948405
00011263_004.png,00011263,0.6377414961570282,0.6234126950420867,0.5017357781891671
00011322_002.png,00011322,0.5499011867648946,0.47613395439399414,0.3631486997499567
00011322_006.png,00011322,0.579483087283806,0.6037817882454253,0.5878903523887186
00011402_007.png,00011402,0.581297123569814,0.6072603208558521,0.6475165192887988
00011463_002.png,00011463,0.7482249884599883,0.7029529770769066,0.49535937792838647
00011502_001.png,00011502,0.431539242240905,0.2894062264173549,0.3157177214955379
00011557_003.png,00011557,0.354759449351281,0.22231592159346944,0.2128556696107686
00012094_006.png,00012094,0.5420452330534177,0.27536961232510265,0.4720841100708471
00012261_001.png,00012261,0.5328089507583934,0.6437965324907017,0.5888382919122271
00012288_000.png,00012288,0.23328251985432452,0.35407387638257004,0.6312873841626374
00012364_006.png,00012364,0.4656120511440806,0.5837268651835658,0.6589381668815059
00012670_000.png,00012670,0.5819435780468953,0.6688641783751905,0.6095919918603956
00012686_003.png,00012686,0.0,0.2785778038717113,0.2700926977216625
00012741_004.png,00012741,0.21932165683793559,0.23176357891443333,0.291038448196353
00012793_000.png,00012793,0.24500484783495402,0.31907890561541935,0.46047080458306644
00013062_002.png,00013062,0.09845231221533414,0.1580172946239442,0.34343039133531317
00013125_000.png,00013125,0.28209108491861346,0.2408806686884662,0.26487817891494875
00013249_031.png,00013249,0.18545676529732877,0.5026293457544059,0.6279843856813375
00013249_033.png,00013249,0.5742033029897151,0.3922960321200693,0.34359990102274196
00013249_052.png,00013249,0.5477066063647843,0.5092630558613809,0.36897549707692495
00013346_015.png,00013346,0.6672105736423205,0.6485996155807469,0.4124285418085951
00013615_052.png,00013615,0.0,0.2889755286697698,0.45227608849515083
00013635_002.png,00013635,0.19472311947753326,0.26105006442039874,0.22050673538188445
00013670_151.png,00013670,0.3638303840983096,0.3287063292959703,0.3361329330284006
00014223_009.png,00014223,0.20302179776941764,0.3563748611804929,0.40983544445342124
00014574_000.png,00014574,0.4870197397584045,0.38779667076029045,0.3664334554709747
00014626_028.png,00014626,0.759145473217289,0.7466802753949497,0.7281320251323038
00014706_007.png,00014706,0.1362862622569426,0.3045593970241545,0.35860127268560593
00014706_018.png,00014706,0.15225426883843446,0.170549426969996,0.24145189081531973
00015064_001.png,00015064,0.4206630475141524,0.35590478097159683,0.2489926728536468
00015304_001.png,00015304,0.39098970919376075,0.30346289008301713,0.3127917673550086
00015400_001.png,00015400,0.3920202666629491,0.3187242445054942,0.3694303743131864
00015425_012.png,00015425,0.431895466730227,0.37942307066798675,0.39091857757138393
00015563_011.png,00015563,0.22283329743356536,0.23572192547834425,0.3627130259466982
00015719_005.png,00015719,0.4906512901426196,0.31496786787711906,0.23206180957986228
00015770_010.png,00015770,0.6425846857337512,0.7092252274343798,0.6840075040576707
00015799_012.png,00015799,0.733724840099048,0.45099815179670316,0.3988495054575997
00016414_000.png,00016414,0.2929620521935937,0.2148388382753021,0.25520249879975276
00016564_000.png,00016564,0.41144632796897224,0.3401170704078762,0.3137443563922922
00016606_000.png,00016606,0.3817684225185159,0.3533579799107143,0.40669503348214286
00016624_000.png,00016624,0.20973049097399044,0.25126346148472833,0.2823482343665161
00016990_000.png,00016990,0.5865660199336473,0.677033841910936,0.6372408005480694
00017178_007.png,00017178,0.7102297006046335,0.5517551069642156,0.6095358742606921
00017448_000.png,00017448,0.6297573873437894,0.47726334868145043,0.38181067894516035
00017511_006.png,00017511,0.3344229461610805,0.6122843982178987,0.6005117633899837
00017514_008.png,00017514,0.5125930972175428,0.5694990543499908,0.438654119318182
00017524_028.png,00017524,0.4162904067205129,0.17797830568077827,0.18581116107199272
00017893_005.png,00017893,0.47613881911202083,0.6473653196377886,0.46921439834211814
00018187_029.png,00018187,0.3491589731658374,0.3656035692617241,0.2834703910723645
00018187_034.png,00018187,0.3575610081267044,0.37936484993406966,0.32983678431525115
00018233_057.png,00018233,0.24882416386806808,0.5572476689552565,0.6767117985644754
00018387_030.png,00018387,0.604116099205563,0.6481671872504386,0.4864166616016935
00018686_000.png,00018686,0.49050697510589547,0.48248723701574636,0.41641677697544305
00018693_004.png,00018693,0.5117334906262438,0.5344871158375842,0.3431572652559531
00019018_007.png,00019018,0.2502759076123516,0.45002366510309016,0.388174283205258
00019187_000.png,00019187,0.7104350647010075,0.46196465561287264,0.39266411405495877
00019426_000.png,00019426,0.5120990968449397,0.5215335225419552,0.5611939865243599
00019861_010.png,00019861,0.5912611472125482,0.5030483765545507,0.5832402059935408
00020438_011.png,00020438,0.6594904717891276,0.6880356454616323,0.44417006518749974
00020819_002.png,00020819,0.5556948172272069,0.36172414257981056,0.27694504666266745
00020986_000.png,00020986,0.4310723299525575,0.3497437958404494,0.37829430978660855
00021009_001.png,00021009,0.48193298026709525,0.5861373507470893,0.5777074886162659
00021364_001.png,00021364,0.6293589938517039,0.6712038182483555,0.6649564989149767
00021409_001.png,00021409,0.5489146410571311,0.5449083509488254,0.48596757692144493
00021443_000.png,00021443,0.5299696956083481,0.4334697793980244,0.49222655256450853
00021845_001.png,00021845,0.20186883392087165,0.3486845137167276,0.4556577195237313
00022215_011.png,00022215,0.22716208351934636,0.25734526002450664,0.2715769088790882
00022215_012.png,00022215,0.5568029112678814,0.5299740554218446,0.3741257833736032
00022416_018.png,00022416,0.43447802473277286,0.39100109967367186,0.39475950176230623
00022706_001.png,00022706,0.4082572877531478,0.3646055870210909,0.5242025697203503
00023093_009.png,00023093,0.3285786898067797,0.3323832094021442,0.4756825894842851
00023176_017.png,00023176,0.5271577140399061,0.48006220556299645,0.4426750418308611
00023325_019.png,00023325,0.6535090978954735,0.6425160798914509,0.3449068622664381
00025732_004.png,00025732,0.3874459297338014,0.3631261087233025,0.3762083668862624
00025747_000.png,00025747,0.4121969311673176,0.34425022105699776,0.29900261675084383
00025969_000.png,00025969,0.409348126080691,0.40665064102564097,0.3192608173076923
00026087_000.png,00026087,0.24015427096323635,0.23503973069539555,0.29326943988389276
00026338_003.png,00026338,0.535003476959762,0.6115338544824207,0.48241265880217876
00026889_000.png,00026889,0.34948039867627917,0.5971728336617753,0.3312765106049453
00027464_033.png,00027464,0.31316042417963225,0.31903693967469,0.4133846152532503
00027685_003.png,00027685,0.43029110759160544,0.4925423701620888,0.4028618248125193
00027797_000.png,00027797,0.3928080503565689,0.5494152079192208,0.3892158848299195
00028018_000.png,00028018,0.6427502429543257,0.40851680997896517,0.3031759973428798
00028509_026.png,00028509,0.3759360272147267,0.7284751857579418,0.6336307238491353
00028607_000.png,00028607,0.3803579614914427,0.2512334491406588,0.25597370289802973
00028873_004.png,00028873,0.5274358164342705,0.5534763347985726,0.7272290733748598
00028873_009.png,00028873,0.27562706566093914,0.33850103083982,0.7093352129527892
00029391_000.png,00029391,0.35185430466187134,0.548975719909227,0.5435112074678158
00029647_002.png,00029647,0.49272969549220136,0.409853956943874,0.4479725145089127
00029808_003.png,00029808,0.32479378987542673,0.31224616687413137,0.3760366294715054
00029906_000.png,00029906,0.276885309626128,0.27331077737819975,0.2782546837576735
00030206_013.png,00030206,0.6052931679873901,0.39279444494912824,0.551172940564788
00030279_000.png,00030279,0.4058494690902483,0.634553784460604,0.5167904045614843
