seed,fold,scale,sys,raw45,delta45,win,harm,best_ep
42,0,0,cand_zs,0.12291090799909998,-0.08703849306598206,0.23076923076923078,0.5384615384615384,0
42,0,5,cand_es,0.12291090799909998,0.001405418889422184,0.15384615384615385,0.0,5
42,0,10,cand_es,0.12291090799909998,0.0008376124167980559,0.07692307692307693,0.0,5
42,0,20,cand_es,0.12291090799909998,0.000719138334625612,0.5384615384615384,0.0,5
42,0,40,cand_es,0.12291090799909998,-0.0012785258909377385,0.15384615384615385,0.0,5
42,0,52,cand_es,0.12291090799909998,-0.0008686882553806386,0.0,0.0,5
42,1,0,cand_zs,0.24589939568078753,-0.0483817232839805,0.5384615384615384,0.3076923076923077,0
42,1,5,cand_es,0.24589939568078753,0.002464935675614887,0.38461538461538464,0.0,5
42,1,10,cand_es,0.24589939568078753,-8.043039998074183e-05,0.23076923076923078,0.0,5
42,1,20,cand_es,0.24589939568078753,0.003297112157570211,0.3076923076923077,0.0,5
42,1,40,cand_es,0.24589939568078753,0.0002702295461542362,0.3076923076923077,0.0,5
42,1,52,cand_es,0.24589939568078753,0.011477054461690086,0.38461538461538464,0.0,5
42,2,0,cand_zs,0.22493315587062662,-0.04133928542624918,0.46153846153846156,0.46153846153846156,0
42,2,5,cand_es,0.22493315587062662,0.0052621970131384085,0.38461538461538464,0.0,5
42,2,10,cand_es,0.22493315587062662,0.019570990649836164,0.46153846153846156,0.0,20
42,2,20,cand_es,0.22493315587062662,-0.004374183303946414,0.5384615384615384,0.07692307692307693,10
42,2,40,cand_es,0.22493315587062662,0.01596179574189193,0.3076923076923077,0.0,10
42,2,52,cand_es,0.22493315587062662,-0.0005892645582980837,0.5384615384615384,0.0,5
42,3,0,cand_zs,0.18458214591287228,-0.0914669584491161,0.3076923076923077,0.5384615384615384,0
42,3,5,cand_es,0.18458214591287228,0.007079066245258705,0.6153846153846154,0.0,5
42,3,10,cand_es,0.18458214591287228,0.013000793189526435,0.6923076923076923,0.0,20
42,3,20,cand_es,0.18458214591287228,0.0022236524324924364,0.38461538461538464,0.0,5
42,3,40,cand_es,0.18458214591287228,-0.002931761318677256,0.38461538461538464,0.07692307692307693,5
42,3,52,cand_es,0.18458214591287228,0.007696366873559169,0.46153846153846156,0.07692307692307693,5
42,4,0,cand_zs,0.2499218752906439,-0.12758200944939682,0.23076923076923078,0.6153846153846154,0
42,4,5,cand_es,0.2499218752906439,-0.004922323792130864,0.23076923076923078,0.0,5
42,4,10,cand_es,0.2499218752906439,-0.0063885078703783465,0.23076923076923078,0.0,25
42,4,20,cand_es,0.2499218752906439,-0.003987876923296302,0.23076923076923078,0.07692307692307693,20
42,4,40,cand_es,0.2499218752906439,-0.0036844861546457583,0.3076923076923077,0.0,5
42,4,52,cand_es,0.2499218752906439,-0.013221935340735793,0.38461538461538464,0.15384615384615385,5
7,0,0,cand_zs,0.2085421123324798,-0.1351245168234296,0.3076923076923077,0.5384615384615384,0
7,0,5,cand_es,0.2085421123324798,0.007189170354397748,0.3076923076923077,0.0,5
7,0,10,cand_es,0.2085421123324798,-0.001579679326136963,0.3076923076923077,0.07692307692307693,5
7,0,20,cand_es,0.2085421123324798,0.007876084091528568,0.38461538461538464,0.0,5
7,0,40,cand_es,0.2085421123324798,-0.15065668528123488,0.38461538461538464,0.5384615384615384,50
7,0,52,cand_es,0.2085421123324798,-0.06091405327787975,0.46153846153846156,0.38461538461538464,10
7,1,0,cand_zs,0.15959848409467947,-0.027587837762614933,0.5384615384615384,0.23076923076923078,0
7,1,5,cand_es,0.15959848409467947,0.0024577710608702876,0.23076923076923078,0.0,10
7,1,10,cand_es,0.15959848409467947,0.007833737519254386,0.46153846153846156,0.0,10
7,1,20,cand_es,0.15959848409467947,0.0029736266826181127,0.38461538461538464,0.0,5
7,1,40,cand_es,0.15959848409467947,-0.014345174450189695,0.23076923076923078,0.07692307692307693,5
7,1,52,cand_es,0.15959848409467947,0.0009985429609507134,0.38461538461538464,0.0,5
7,2,0,cand_zs,0.20414957192320993,-0.041414138792624754,0.38461538461538464,0.46153846153846156,0
7,2,5,cand_es,0.20414957192320993,0.025737628934615564,0.5384615384615384,0.07692307692307693,15
7,2,10,cand_es,0.20414957192320993,-0.00047155911389739323,0.3076923076923077,0.0,5
7,2,20,cand_es,0.20414957192320993,0.0015592367846842237,0.46153846153846156,0.0,5
7,2,40,cand_es,0.20414957192320993,-0.0038986970725519592,0.38461538461538464,0.07692307692307693,5
7,2,52,cand_es,0.20414957192320993,0.004146550700856877,0.46153846153846156,0.0,10
7,3,0,cand_zs,0.28007259623856584,-0.14644113516266888,0.23076923076923078,0.6923076923076923,0
7,3,5,cand_es,0.28007259623856584,0.0003445813773571421,0.23076923076923078,0.0,10
7,3,10,cand_es,0.28007259623856584,0.0010125696096733839,0.38461538461538464,0.0,5
7,3,20,cand_es,0.28007259623856584,0.002773029676473631,0.23076923076923078,0.0,5
7,3,40,cand_es,0.28007259623856584,0.004860535101679849,0.46153846153846156,0.0,5
7,3,52,cand_es,0.28007259623856584,-0.00014550534097747259,0.23076923076923078,0.0,5
7,4,0,cand_zs,0.1758847161650953,-0.045240841133386486,0.3076923076923077,0.5384615384615384,0
7,4,5,cand_es,0.1758847161650953,0.0029274773915783777,0.38461538461538464,0.0,10
7,4,10,cand_es,0.1758847161650953,0.001253187705630165,0.3076923076923077,0.0,5
7,4,20,cand_es,0.1758847161650953,-0.00400469402863633,0.38461538461538464,0.07692307692307693,5
7,4,40,cand_es,0.1758847161650953,-0.0005975067385236768,0.07692307692307693,0.0,5
7,4,52,cand_es,0.1758847161650953,0.003427573118693145,0.3076923076923077,0.0,5
2024,0,0,cand_zs,0.20013488119990225,-0.10593701606094207,0.23076923076923078,0.5384615384615384,0
2024,0,5,cand_es,0.20013488119990225,0.000636661840799857,0.23076923076923078,0.0,5
2024,0,10,cand_es,0.20013488119990225,-0.004151159965869551,0.15384615384615385,0.0,15
2024,0,20,cand_es,0.20013488119990225,0.006806485007669352,0.3076923076923077,0.0,5
2024,0,40,cand_es,0.20013488119990225,-0.0045148996009373495,0.3076923076923077,0.0,5
2024,0,52,cand_es,0.20013488119990225,-0.0006231320775288173,0.23076923076923078,0.0,5
2024,1,0,cand_zs,0.23891151056571341,-0.05647913241661951,0.46153846153846156,0.38461538461538464,0
2024,1,5,cand_es,0.23891151056571341,-6.846586079474363e-05,0.38461538461538464,0.0,5
2024,1,10,cand_es,0.23891151056571341,0.004261041121719345,0.6153846153846154,0.07692307692307693,20
2024,1,20,cand_es,0.23891151056571341,0.003778190313309074,0.46153846153846156,0.0,5
2024,1,40,cand_es,0.23891151056571341,0.0038528710903931777,0.46153846153846156,0.0,5
2024,1,52,cand_es,0.23891151056571341,-0.01919234144161375,0.3076923076923077,0.3076923076923077,35
2024,2,0,cand_zs,0.18780131718831952,-0.05217717269786137,0.38461538461538464,0.5384615384615384,0
2024,2,5,cand_es,0.18780131718831952,0.00916185016041794,0.3076923076923077,0.0,5
2024,2,10,cand_es,0.18780131718831952,0.006029980659224263,0.38461538461538464,0.0,10
2024,2,20,cand_es,0.18780131718831952,0.0004055112366391959,0.23076923076923078,0.0,10
2024,2,40,cand_es,0.18780131718831952,-0.004883021190099136,0.23076923076923078,0.0,5
2024,2,52,cand_es,0.18780131718831952,0.01641510152871298,0.3076923076923077,0.23076923076923078,25
2024,3,0,cand_zs,0.17404677360355258,-0.0814400879015498,0.3076923076923077,0.5384615384615384,0
2024,3,5,cand_es,0.17404677360355258,0.004762252523011522,0.46153846153846156,0.0,5
2024,3,10,cand_es,0.17404677360355258,0.0001396925531126289,0.23076923076923078,0.0,10
2024,3,20,cand_es,0.17404677360355258,0.0002944446376829305,0.23076923076923078,0.0,5
2024,3,40,cand_es,0.17404677360355258,-0.015541471269691815,0.23076923076923078,0.15384615384615385,5
2024,3,52,cand_es,0.17404677360355258,-0.0011677453461290282,0.38461538461538464,0.07692307692307693,15
2024,4,0,cand_zs,0.22735299819654256,-0.09977506059775193,0.38461538461538464,0.46153846153846156,0
2024,4,5,cand_es,0.22735299819654256,0.0032272966629550513,0.3076923076923077,0.0,5
2024,4,10,cand_es,0.22735299819654256,0.0030661227537107693,0.38461538461538464,0.0,10
2024,4,20,cand_es,0.22735299819654256,-0.006959109189367869,0.46153846153846156,0.07692307692307693,45
2024,4,40,cand_es,0.22735299819654256,0.0016753253904529585,0.15384615384615385,0.0,5
2024,4,52,cand_es,0.22735299819654256,0.0016389613508509622,0.38461538461538464,0.0,5
