seed,fold,scale,sys,n_test,n_test_pat,raw45,sys45,delta45,delta_best,win_rate,harm_rate
42,0,0,cand_zs,13,13,0.12291090799909998,0.03587241493311792,-0.08703849306598206,-0.005594524035675965,0.23076923076923078,0.5384615384615384
42,0,5,cand_adapt05,13,13,0.12291090799909998,0.01934496605255938,-0.1035659419465406,-0.03557544152874462,0.15384615384615385,0.6153846153846154
42,0,10,cand_adapt10,13,13,0.12291090799909998,0.09669588436007845,-0.02621502363902154,0.0009935136613788997,0.46153846153846156,0.23076923076923078
42,0,20,cand_adapt20,13,13,0.12291090799909998,0.019023583627242255,-0.10388732437185773,-0.021787038803686376,0.15384615384615385,0.6153846153846154
42,0,40,cand_adapt40,13,13,0.12291090799909998,0.02144781023917816,-0.10146309775992182,-0.04156046363792536,0.15384615384615385,0.6153846153846154
42,0,52,cand_adapt52,13,13,0.12291090799909998,0.011004942002430837,-0.11190596599666915,-0.04390430920714769,0.07692307692307693,0.6923076923076923
42,1,0,cand_zs,13,13,0.24589939568078753,0.19751767239680704,-0.0483817232839805,0.03365451439368369,0.5384615384615384,0.3076923076923077
42,1,5,cand_adapt05,13,13,0.24589939568078753,0.017714990437013023,-0.2281844052437745,-0.11664666127672245,0.07692307692307693,0.7692307692307693
42,1,10,cand_adapt10,13,13,0.24589939568078753,0.14137776124705917,-0.10452163443372836,0.0005970643727807184,0.23076923076923078,0.6153846153846154
42,1,20,cand_adapt20,13,13,0.24589939568078753,0.1537635443282271,-0.09213585135256043,0.014312750655305082,0.23076923076923078,0.6153846153846154
42,1,40,cand_adapt40,13,13,0.24589939568078753,0.1539540249155248,-0.09194537076526273,0.042954307655810195,0.23076923076923078,0.6153846153846154
42,1,52,cand_adapt52,13,13,0.24589939568078753,0.16642259903878603,-0.07947679664200148,0.0454918991041608,0.38461538461538464,0.46153846153846156
42,2,0,cand_zs,13,13,0.22493315587062662,0.18359387044437744,-0.04133928542624918,0.028931300892073145,0.46153846153846156,0.46153846153846156
42,2,5,cand_adapt05,13,13,0.22493315587062662,0.050566883340945834,-0.1743662725296808,-0.028530803323983302,0.07692307692307693,0.8461538461538461
42,2,10,cand_adapt10,13,13,0.22493315587062662,0.19470971674822643,-0.03022343912240018,0.029812917733982442,0.5384615384615384,0.38461538461538464
42,2,20,cand_adapt20,13,13,0.22493315587062662,0.153632513166083,-0.07130064270454363,0.009957207841738085,0.38461538461538464,0.46153846153846156
42,2,40,cand_adapt40,13,13,0.22493315587062662,0.19219712388161034,-0.03273603198901629,0.03822172793189141,0.38461538461538464,0.5384615384615384
42,2,52,cand_adapt52,13,13,0.22493315587062662,0.17497213235156023,-0.049961023519066394,0.03523694777634346,0.3076923076923077,0.46153846153846156
42,3,0,cand_zs,13,13,0.18458214591287228,0.09311518746375617,-0.0914669584491161,0.009721360566500649,0.3076923076923077,0.5384615384615384
42,3,5,cand_adapt05,13,13,0.18458214591287228,0.023002039529320395,-0.16158010638355189,-0.034516320260673604,0.07692307692307693,0.6153846153846154
42,3,10,cand_adapt10,13,13,0.18458214591287228,0.054333615819322,-0.13024853009355028,-0.03076427474549736,0.15384615384615385,0.46153846153846156
42,3,20,cand_adapt20,13,13,0.18458214591287228,0.11051648672782186,-0.07406565918505043,0.014948318663022285,0.38461538461538464,0.38461538461538464
42,3,40,cand_adapt40,13,13,0.18458214591287228,0.08762683949640426,-0.09695530641646802,0.0037079411267477466,0.3076923076923077,0.46153846153846156
42,3,52,cand_adapt52,13,13,0.18458214591287228,0.11255738283587495,-0.07202476307699733,0.022983891259881005,0.3076923076923077,0.38461538461538464
42,4,0,cand_zs,13,13,0.2499218752906439,0.12233986584124709,-0.12758200944939682,-0.03901697693678075,0.23076923076923078,0.6153846153846154
42,4,5,cand_adapt05,13,13,0.2499218752906439,0.029292788553374166,-0.22062908673726975,-0.11673380965071416,0.07692307692307693,0.8461538461538461
42,4,10,cand_adapt10,13,13,0.2499218752906439,0.08613612777825311,-0.1637857475123908,-0.14881942431606404,0.07692307692307693,0.6923076923076923
42,4,20,cand_adapt20,13,13,0.2499218752906439,0.060984220718114324,-0.1889376545725296,-0.1037983087953649,0.07692307692307693,0.8461538461538461
42,4,40,cand_adapt40,13,13,0.2499218752906439,0.06903767211050002,-0.1808842031801439,-0.08705304523992911,0.15384615384615385,0.7692307692307693
42,4,52,cand_adapt52,13,13,0.2499218752906439,0.08537031205361467,-0.16455156323702924,-0.13143144001647566,0.23076923076923078,0.6923076923076923
7,0,0,cand_zs,13,13,0.2085421123324798,0.07341759550905019,-0.1351245168234296,-0.010944579934399136,0.3076923076923077,0.5384615384615384
7,0,5,cand_adapt05,13,13,0.2085421123324798,0.06769914696784557,-0.14084296536463423,-0.013516958919964083,0.38461538461538464,0.5384615384615384
7,0,10,cand_adapt10,13,13,0.2085421123324798,0.05041505779015637,-0.15812705454232343,-0.04232230792365563,0.23076923076923078,0.5384615384615384
7,0,20,cand_adapt20,13,13,0.2085421123324798,0.04713433350359372,-0.16140777882888607,-0.06869153509718076,0.3076923076923077,0.5384615384615384
7,0,40,cand_adapt40,13,13,0.2085421123324798,0.051879931873239804,-0.15666218045924,-0.06079891258426668,0.23076923076923078,0.5384615384615384
7,0,52,cand_adapt52,13,13,0.2085421123324798,0.0285517000215727,-0.1799904123109071,-0.039131738909075016,0.15384615384615385,0.7692307692307693
7,1,0,cand_zs,13,13,0.15959848409467947,0.13201064633206455,-0.027587837762614933,0.03254985641455897,0.5384615384615384,0.23076923076923078
7,1,5,cand_adapt05,13,13,0.15959848409467947,0.08737765778073595,-0.07222082631394353,0.042557013310799224,0.0,0.46153846153846156
7,1,10,cand_adapt10,13,13,0.15959848409467947,0.1270051357835422,-0.032593348311137284,0.016087306818592696,0.23076923076923078,0.38461538461538464
7,1,20,cand_adapt20,13,13,0.15959848409467947,0.1443355091591112,-0.015262974935568274,0.034936371267829905,0.38461538461538464,0.3076923076923077
7,1,40,cand_adapt40,13,13,0.15959848409467947,0.10723700357133387,-0.0523614805233456,0.01805684522960984,0.23076923076923078,0.46153846153846156
7,1,52,cand_adapt52,13,13,0.15959848409467947,0.10643514060637216,-0.05316334348830732,0.02842115469917342,0.23076923076923078,0.46153846153846156
7,2,0,cand_zs,13,13,0.20414957192320993,0.16273543313058517,-0.041414138792624754,0.020053474201804096,0.38461538461538464,0.46153846153846156
7,2,5,cand_adapt05,13,13,0.20414957192320993,0.16359881270140364,-0.04055075922180628,0.0207843082363698,0.38461538461538464,0.38461538461538464
7,2,10,cand_adapt10,13,13,0.20414957192320993,0.1014077232218008,-0.10274184870140912,0.016238805615236458,0.23076923076923078,0.6153846153846154
7,2,20,cand_adapt20,13,13,0.20414957192320993,0.15130297942637216,-0.05284659249683776,0.01698560814763913,0.38461538461538464,0.38461538461538464
7,2,40,cand_adapt40,13,13,0.20414957192320993,0.16232357159420513,-0.04182600032900481,0.020683450764820595,0.3076923076923077,0.46153846153846156
7,2,52,cand_adapt52,13,13,0.20414957192320993,0.15838123915738578,-0.04576833276582414,0.023683073210514532,0.3076923076923077,0.38461538461538464
7,3,0,cand_zs,13,13,0.28007259623856584,0.13363146107589696,-0.14644113516266888,-0.030592039497370386,0.23076923076923078,0.6923076923076923
7,3,5,cand_adapt05,13,13,0.28007259623856584,0.11478278048493382,-0.16528981575363202,-0.014032726951665157,0.07692307692307693,0.7692307692307693
7,3,10,cand_adapt10,13,13,0.28007259623856584,0.06900785112875937,-0.21106474510980647,-0.12436069711370984,0.07692307692307693,0.8461538461538461
7,3,20,cand_adapt20,13,13,0.28007259623856584,0.07784945856611017,-0.20222313767245567,-0.11366345124511266,0.07692307692307693,0.8461538461538461
7,3,40,cand_adapt40,13,13,0.28007259623856584,0.06948811743785727,-0.21058447880070857,-0.05436022972782263,0.07692307692307693,0.8461538461538461
7,3,52,cand_adapt52,13,13,0.28007259623856584,0.06979426228028024,-0.2102783339582856,-0.036409919895994874,0.07692307692307693,0.8461538461538461
7,4,0,cand_zs,13,13,0.1758847161650953,0.13064387503170882,-0.045240841133386486,0.016628963695207236,0.3076923076923077,0.5384615384615384
7,4,5,cand_adapt05,13,13,0.1758847161650953,0.13289208633737343,-0.04299262982772187,0.005502899411970975,0.38461538461538464,0.38461538461538464
7,4,10,cand_adapt10,13,13,0.1758847161650953,0.1293236893513366,-0.0465610268137587,0.007799462736124525,0.3076923076923077,0.5384615384615384
7,4,20,cand_adapt20,13,13,0.1758847161650953,0.13427151561403616,-0.04161320055105913,0.007095322364996276,0.38461538461538464,0.38461538461538464
7,4,40,cand_adapt40,13,13,0.1758847161650953,0.11030056956495757,-0.06558414660013773,0.011982981244622864,0.23076923076923078,0.6153846153846154
7,4,52,cand_adapt52,13,13,0.1758847161650953,0.1377164617582806,-0.03816825440681471,0.014494114230652631,0.23076923076923078,0.5384615384615384
2024,0,0,cand_zs,13,13,0.20013488119990225,0.09419786513896018,-0.10593701606094207,0.031784578990314276,0.23076923076923078,0.5384615384615384
2024,0,5,cand_adapt05,13,13,0.20013488119990225,0.017063564506065193,-0.18307131669383706,-0.05207789116424624,0.0,0.6153846153846154
2024,0,10,cand_adapt10,13,13,0.20013488119990225,0.020126335518998756,-0.1800085456809035,-0.0804496574806561,0.07692307692307693,0.6153846153846154
2024,0,20,cand_adapt20,13,13,0.20013488119990225,0.057893392637464486,-0.14224148856243776,0.004683507780895879,0.15384615384615385,0.5384615384615384
2024,0,40,cand_adapt40,13,13,0.20013488119990225,0.06067693500923954,-0.1394579461906627,-0.018903227357403216,0.15384615384615385,0.5384615384615384
2024,0,52,cand_adapt52,13,13,0.20013488119990225,0.06710960441625446,-0.13302527678364778,0.007021529225311177,0.15384615384615385,0.5384615384615384
2024,1,0,cand_zs,13,13,0.23891151056571341,0.1824323781490939,-0.05647913241661951,0.0036536761134674032,0.46153846153846156,0.38461538461538464
2024,1,5,cand_adapt05,13,13,0.23891151056571341,0.23889395289175908,-1.7557673954331756e-05,0.009640093177699637,0.5384615384615384,0.23076923076923078
2024,1,10,cand_adapt10,13,13,0.23891151056571341,0.06740398263656436,-0.17150752792914906,-0.014457979994956306,0.23076923076923078,0.6153846153846154
2024,1,20,cand_adapt20,13,13,0.23891151056571341,0.13445127112911406,-0.10446023943659935,-0.04105232480860396,0.23076923076923078,0.6153846153846154
2024,1,40,cand_adapt40,13,13,0.23891151056571341,0.12880532720744725,-0.11010618335826616,-0.021345488380024466,0.23076923076923078,0.6153846153846154
2024,1,52,cand_adapt52,13,13,0.23891151056571341,0.14653642986885693,-0.09237508069685649,-0.004647554152017116,0.3076923076923077,0.6153846153846154
2024,2,0,cand_zs,13,13,0.18780131718831952,0.13562414449045815,-0.05217717269786137,-0.0028508034901613666,0.38461538461538464,0.5384615384615384
2024,2,5,cand_adapt05,13,13,0.18780131718831952,0.06798351590609304,-0.11981780128222648,-0.02730885153621794,0.0,0.8461538461538461
2024,2,10,cand_adapt10,13,13,0.18780131718831952,0.02581205616645804,-0.16198926102186148,-0.03231808698293593,0.0,0.8461538461538461
2024,2,20,cand_adapt20,13,13,0.18780131718831952,0.12413397138511097,-0.06366734580320856,-0.012886484000796172,0.23076923076923078,0.6153846153846154
2024,2,40,cand_adapt40,13,13,0.18780131718831952,0.15644551656969438,-0.03135580061862513,0.00557421423438231,0.3076923076923077,0.6153846153846154
2024,2,52,cand_adapt52,13,13,0.18780131718831952,0.14871666488559873,-0.0390846523027208,-0.00016422357366739423,0.3076923076923077,0.6153846153846154
2024,3,0,cand_zs,13,13,0.17404677360355258,0.09260668570200278,-0.0814400879015498,0.019558362495692795,0.3076923076923077,0.5384615384615384
2024,3,5,cand_adapt05,13,13,0.17404677360355258,0.07687504892280364,-0.09717172468074894,-0.05190936562035808,0.23076923076923078,0.5384615384615384
2024,3,10,cand_adapt10,13,13,0.17404677360355258,0.015262923553201774,-0.1587838500503508,-0.04728676473720439,0.07692307692307693,0.7692307692307693
2024,3,20,cand_adapt20,13,13,0.17404677360355258,0.05414930731684228,-0.1198974662867103,-0.007333124509604065,0.07692307692307693,0.6153846153846154
2024,3,40,cand_adapt40,13,13,0.17404677360355258,0.09046619206758985,-0.08358058153596273,0.009113681123012054,0.3076923076923077,0.5384615384615384
2024,3,52,cand_adapt52,13,13,0.17404677360355258,0.08456145037819786,-0.08948532322535473,-0.013330642406320219,0.3076923076923077,0.5384615384615384
2024,4,0,cand_zs,13,13,0.22735299819654256,0.12757793759879063,-0.09977506059775193,-0.02445013922951232,0.38461538461538464,0.46153846153846156
2024,4,5,cand_adapt05,13,13,0.22735299819654256,0.08067855168056334,-0.14667444651597922,-0.053817762213186,0.23076923076923078,0.5384615384615384
2024,4,10,cand_adapt10,13,13,0.22735299819654256,0.17291603782092063,-0.05443696037562192,-0.038353765587702045,0.38461538461538464,0.3076923076923077
2024,4,20,cand_adapt20,13,13,0.22735299819654256,0.12681293608810884,-0.10054006210843372,-0.08173864343999428,0.38461538461538464,0.46153846153846156
2024,4,40,cand_adapt40,13,13,0.22735299819654256,0.08618531981601851,-0.14116767838052405,-0.04701277855471619,0.15384615384615385,0.6153846153846154
2024,4,52,cand_adapt52,13,13,0.22735299819654256,0.08941565392511949,-0.13793734427142307,-0.06716716391469178,0.23076923076923078,0.5384615384615384
