key,prob,raw_45,raw_best,wang_nlm_45,wang_nlm_best,wang_ff_45,wang_ff_best,wang_nlm_s_45,wang_nlm_s_best,wang_ff_s_45,wang_ff_s_best
patient64541_study1_view1_frontal,0.10097929835319519,0.08007518796992481,0.0813598166539343,0.06792091836734694,0.11186974789915967,0.06792091836734694,0.07802197802197802,0.06792091836734694,0.07883049592894152,0.06792091836734694,0.12470725995316159
patient64546_study1_view1_frontal,0.07494114339351654,0.07399952168367346,0.07399952168367346,0.07399952168367346,0.11400761483664947,0.07399952168367346,0.07399952168367346,0.07399952168367346,0.07399952168367346,0.07399952168367346,0.11212441491771101
patient64548_study1_view1_frontal,0.19305530190467834,0.1486646677358622,0.3900907187718074,0.055564413265306124,0.055564413265306124,0.059838598901098904,0.43448275862068964,0.055564413265306124,0.3845070422535211,0.055564413265306124,0.055564413265306124
patient64549_study1_view1_frontal,0.052341658622026443,0.0,0.06325733418367346,0.06325733418367346,0.10393062431471575,0.06325733418367346,0.06325733418367346,0.06325733418367346,0.06325733418367346,0.06325733418367346,0.06878467406380027
patient64552_study1_view1_frontal,0.2854010760784149,0.5444444444444444,0.5444444444444444,0.048130580357142856,0.11583924349881797,0.5229171942263864,0.5426356589147286,0.23800137971814328,0.5358851674641149,0.052083333333333336,0.05765374331550802
patient64553_study1_view1_frontal,0.06989788264036179,0.06780660377358491,0.09294181034482758,0.048130580357142856,0.10480753525344368,0.048130580357142856,0.0902640133195909,0.048130580357142856,0.07811975847031198,0.048130580357142856,0.055006377551020405
patient64564_study1_view1_frontal,0.035259537398815155,0.0,0.06278036576949621,0.05801578443877551,0.11342294954217806,0.0,0.06278036576949621,0.00525607332863278,0.06247853708791209,0.05801578443877551,0.06530419956927494
patient64565_study1_view1_frontal,0.06466109305620193,0.043329532497149374,0.08066654879773692,0.07274394132653061,0.08904176424668228,0.07987570028011204,0.08370202080593088,0.07948606271777003,0.08066654879773692,0.07274394132653061,0.07274394132653061
patient64569_study1_view1_frontal,0.03851023316383362,0.13969025204980262,0.13969025204980262,0.07334183673469388,0.11615061705015307,0.08173418621179815,0.14143510511549254,0.08132956152758133,0.10046410046410047,0.07334183673469388,0.07334183673469388
patient64572_study1_view1_frontal,0.0753607451915741,0.04639355742296919,0.07243075801749271,0.03168845663265306,0.05612111720177499,0.034625435540069686,0.07204800075001172,0.03445735090152566,0.0579062375844259,0.03168845663265306,0.03168845663265306
patient64580_study1_view1_frontal,0.4939691126346588,0.4636542239685658,0.494525924395786,0.08071588010204081,0.13168724279835392,0.4733758400827158,0.494525924395786,0.3572365544381286,0.496766607877719,0.08071588010204081,0.08071588010204081
patient64585_study1_view1_frontal,0.10598883777856827,0.05619477172312224,0.08473576459974322,0.0486686862244898,0.2515715202052598,0.05423773987206823,0.0564859363434493,0.05423773987206823,0.05590659340659341,0.0486686862244898,0.05861175115207373
patient64592_study1_view1_frontal,0.14966735243797302,0.2992125984251969,0.4383116883116883,0.11049107142857142,0.20074082925080655,0.36002809975412714,0.4383116883116883,0.42936802973977695,0.42936802973977695,0.11049107142857142,0.11049107142857142
patient64596_study1_view1_frontal,0.03500207141041756,0.106519124368535,0.12203225583166055,0.07123064743138635,0.19613084769609568,0.10352228254008332,0.12283705288902476,0.0840687292358804,0.12192945934693392,0.07377459912536444,0.08458023240631936
patient64603_study1_view1_frontal,0.08734876662492752,0.09176587301587301,0.14694766510793672,0.06267936862244898,0.07020089285714286,0.07020089285714286,0.08886188969258589,0.07020089285714286,0.1464878927356414,0.06267936862244898,0.06267936862244898
patient64606_study1_view1_frontal,0.09690152108669281,0.10540674603174603,0.11616253644314868,0.07623166454081633,0.1868629671574179,0.086679659173314,0.10225085543199315,0.08624188311688312,0.10672433035714286,0.07623166454081633,0.10866477272727272
patient64609_study1_view1_frontal,0.17911018431186676,0.16058394160583941,0.1644962302947224,0.0780452806122449,0.22114521629868963,0.0780452806122449,0.12222222222222222,0.0780452806122449,0.15994387934058224,0.0780452806122449,0.09449806949806949
patient64610_study1_view1_frontal,0.571872353553772,0.4026748308088946,0.421505376344086,0.107421875,0.13518258426966293,0.415833527086724,0.4440321049451972,0.4139387539598733,0.4420425531914894,0.107421875,0.107421875
patient64611_study1_view1_frontal,0.0614420548081398,0.06534090909090909,0.06955645161290322,0.05775669642857143,0.08721675929884566,0.05775669642857143,0.06993243243243243,0.05775669642857143,0.0706967213114754,0.05775669642857143,0.07937116564417178
patient64612_study1_view1_frontal,0.09154365956783295,0.06427375637755102,0.15058131390951113,0.0705751050420168,0.10825053705692804,0.06427375637755102,0.12279165397502284,0.06427375637755102,0.14566395663956638,0.0723483488872936,0.09662631831255993
patient64617_study1_view1_frontal,0.11406664550304413,0.07996323529411764,0.08872767857142858,0.08872767857142858,0.2345626975763962,0.08872767857142858,0.08872767857142858,0.08872767857142858,0.08872767857142858,0.08872767857142858,0.08872767857142858
patient64621_study1_view1_frontal,0.04270009696483612,0.12985548600883653,0.1391821231254933,0.11246412627551021,0.5274725274725275,0.11246412627551021,0.1285304300291545,0.11246412627551021,0.13544066820276499,0.11246412627551021,0.1579787234042553
patient64622_study1_view1_frontal,0.04391421005129814,0.05488679846938776,0.10419188861985472,0.06370281273131013,0.3220779220779221,0.05488679846938776,0.05488679846938776,0.05488679846938776,0.1016086186540732,0.0643698578908003,0.06907102728731943
patient64623_study1_view1_frontal,0.11359947919845581,0.3659574468085106,0.4709141274238227,0.0843032525510204,0.15025575447570333,0.4375876577840112,0.4375876577840112,0.1931532663316583,0.4132387706855792,0.0843032525510204,0.14847314847314846
patient64624_study1_view1_frontal,0.23856522142887115,0.048425983329889094,0.06681380417335474,0.05309311224489796,0.0671912832929782,0.06259398496240602,0.07642654273173251,0.06226626776364996,0.06644054269752593,0.05309311224489796,0.05309311224489796
patient64626_study1_view1_frontal,0.0639193207025528,0.07672709235209235,0.08429651033563014,0.06782126913265306,0.19420190606631285,0.06782126913265306,0.07520774398868459,0.06782126913265306,0.08464171239202477,0.06782126913265306,0.06782126913265306
patient64630_study1_view1_frontal,0.0701056718826294,0.09883198562443846,0.13212524372061016,0.07015306122448979,0.0938291350126616,0.07015306122448979,0.1237645036527718,0.07015306122448979,0.12485939257592801,0.07015306122448979,0.08403361344537816
patient64633_study1_view1_frontal,0.414181649684906,0.46919955735890817,0.5325769854132901,0.09084024234693877,0.22758848825669864,0.14270060423906578,0.5234348844994978,0.10653515332834705,0.47312807433047915,0.09084024234693877,0.10225233309404164
patient64636_study1_view1_frontal,0.04132750257849693,0.10047208538587848,0.10595238095238095,0.0780452806122449,0.1566765578635015,0.08697583511016346,0.10223475355054303,0.0780452806122449,0.10344463229078614,0.0780452806122449,0.11577578051087985
patient64639_study1_view1_frontal,0.0398859828710556,0.2706766917293233,0.441938178780284,0.09542410714285714,0.11848531142778432,0.30158730158730157,0.441938178780284,0.3341687552213868,0.404344193817878,0.09542410714285714,0.09542410714285714
patient64641_study1_view1_frontal,0.26890507340431213,0.34516260994068315,0.40298507462686567,0.09416852678571429,0.09499525616698293,0.1776173285198556,0.393681652490887,0.15100671140939598,0.40298507462686567,0.09416852678571429,0.09416852678571429
patient64642_study1_view1_frontal,0.3541282117366791,0.54859287054409,0.5600325600325601,0.07370057397959184,0.11079817833173537,0.1012817703768624,0.5477453580901857,0.09654344193817878,0.5454874954693729,0.07370057397959184,0.07370057397959184
patient64644_study1_view1_frontal,0.12671148777008057,0.08174542682926829,0.1396484375,0.059849330357142856,0.2889908256880734,0.059849330357142856,0.07660714285714286,0.059849330357142856,0.11969866071428571,0.059849330357142856,0.07325819672131148
patient64646_study1_view1_frontal,0.04233436658978462,0.18777848504137493,0.18880702537768848,0.09642059948979592,0.22544268406337373,0.1865455768583922,0.1901656547485196,0.14998759920634921,0.18832063837504534,0.09642059948979592,0.09642059948979592
patient64647_study1_view1_frontal,0.03655407950282097,0.0,0.11688058035714285,0.08348612882653061,0.19605873261205564,0.10686224489795919,0.1154376102292769,0.1056547619047619,0.11333874458874459,0.08348612882653061,0.11761567834681043
patient64650_study1_view1_frontal,0.19285938143730164,0.6643567339560108,0.7274993076710052,0.06489158163265306,0.10333745364647713,0.16100247865601763,0.7182473655019412,0.14506994530228956,0.7182473655019412,0.06489158163265306,0.06489158163265306
patient64654_study1_view1_frontal,0.04450630769133568,0.09982253771073647,0.1173096976016684,0.07174744897959184,0.10983692009829474,0.09079903147699758,0.11007827788649706,0.09028892455858747,0.11904761904761904,0.07174744897959184,0.07174744897959184
patient64655_study1_view1_frontal,0.018645336851477623,0.11010009099181074,0.14774114774114774,0.07716836734693877,0.08705126734717285,0.0993431855500821,0.12346938775510204,0.09877551020408164,0.12435765673175746,0.0839112343966713,0.08473389355742297
patient64660_study1_view1_frontal,0.01964375749230385,0.10446428571428572,0.1367984693877551,0.05129942602040816,0.05129942602040816,0.08977399553571429,0.1367984693877551,0.08639903329752954,0.1367984693877551,0.05129942602040816,0.05129942602040816
patient64663_study1_view1_frontal,0.10586360841989517,0.19578313253012047,0.19578313253012047,0.06696428571428571,0.10094333954214986,0.10416666666666667,0.18371501272264631,0.07772020725388601,0.18371501272264631,0.06696428571428571,0.09461590448299166
patient64664_study1_view1_frontal,0.11640945822000504,0.3793103448275862,0.3893805309734513,0.08769132653061225,0.22806199139584304,0.16720363486162743,0.3880722385552289,0.11977351916376307,0.3869962146515253,0.08769132653061225,0.10617760617760617
patient64669_study1_view1_frontal,0.055143970996141434,0.07198660714285714,0.07430875576036866,0.05141900510204082,0.2127253446447508,0.056460084033613446,0.07198660714285714,0.055641821946169776,0.0733621474067334,0.05141900510204082,0.05141900510204082
patient64671_study1_view1_frontal,0.1858430951833725,0.6713218577460215,0.6968716289104638,0.052853954081632654,0.08370155283423811,0.13802411373043008,0.6968716289104638,0.06434394409937888,0.7204460966542751,0.052853954081632654,0.07015873015873016
patient64672_study1_view1_frontal,0.21534793078899384,0.45549407114624507,0.45549407114624507,0.07798549107142858,0.14274770173646578,0.10398065476190477,0.4237999634969885,0.10039511494252873,0.41805555555555557,0.07798549107142858,0.07798549107142858
patient64673_study1_view1_frontal,0.09828731417655945,0.14805088702147526,0.2002808988764045,0.10112404336734694,0.13106230389959658,0.10112404336734694,0.13403423499577347,0.10112404336734694,0.2002808988764045,0.10112404336734694,0.10112404336734694
patient64674_study1_view1_frontal,0.051725175231695175,0.435578502698897,0.444515306122449,0.07599250637755102,0.07599250637755102,0.4170106132075472,0.462175212692573,0.37139576422556775,0.4309119010819165,0.07599250637755102,0.07599250637755102
patient64675_study1_view1_frontal,0.02868625894188881,0.11086474501108648,0.12136862491930278,0.09506536989795919,0.3324968632371393,0.10976620029455081,0.12553760316168777,0.1092032967032967,0.13203933086451283,0.09506536989795919,0.11207706766917293
patient64676_study1_view1_frontal,0.20961706340312958,0.4260756192959583,0.4260756192959583,0.07393560872624912,0.14229053049082796,0.22481151473612063,0.4068126520681265,0.2138676844783715,0.4025036109773712,0.07467128642501777,0.08112934362934363
patient64684_study1_view1_frontal,0.04743117466568947,0.15705669481302775,0.1631138694009714,0.05004384566326531,0.06333232445520581,0.15472493345164154,0.16107114308553158,0.11438593294460642,0.16238868517548455,0.05004384566326531,0.05004384566326531
patient64687_study1_view1_frontal,0.0951581597328186,0.28514376996805113,0.3181818181818182,0.09167729591836735,0.14065557729941291,0.14773895169578624,0.3181818181818182,0.12755102040816327,0.28514376996805113,0.09167729591836735,0.111003861003861
patient64689_study1_view1_frontal,0.12210290879011154,0.2647058823529412,0.2647058823529412,0.053013392857142856,0.09952482508324915,0.10993843447669305,0.2857142857142857,0.06518590053114437,0.2438070404172099,0.053013392857142856,0.053013392857142856
patient64691_study1_view1_frontal,0.10471431165933609,0.07158251231527094,0.08833586626139818,0.05560427295918367,0.171978903921119,0.05560427295918367,0.0699739165329053,0.05560427295918367,0.08960688591983557,0.05560427295918367,0.05560427295918367
patient64692_study1_view1_frontal,0.18035943806171417,0.4485520640788663,0.4739970282317979,0.05353156887755102,0.06698922585794094,0.45685279187817257,0.4739970282317979,0.4531453928478204,0.461642905634759,0.05353156887755102,0.06149267399267399
patient64693_study1_view1_frontal,0.01656627655029297,0.0,0.004126679462571977,0.07284359056122448,0.11280864197530864,0.0,0.0,0.0,0.008098691025520294,0.07284359056122448,0.07284359056122448
patient64698_study1_view1_frontal,0.054003726691007614,0.29366657199659185,0.3045687689969605,0.12781010841836735,0.21005642011284023,0.29822358630952384,0.30069488313329124,0.2675650867823765,0.30069488313329124,0.12781010841836735,0.12781010841836735
patient64700_study1_view1_frontal,0.2660370469093323,0.4982775590551181,0.4982775590551181,0.10064572704081633,0.18981212473368198,0.2529426496368645,0.47898976703679513,0.24047619047619048,0.4921968787515006,0.10064572704081633,0.15275257108287962
patient64702_study1_view1_frontal,0.06273265182971954,0.18171257882509126,0.20385710587626196,0.07712850765306123,0.0976089588377724,0.08595415778251599,0.18994114499732478,0.0851073187895848,0.17628728297967058,0.07712850765306123,0.08552864214992928
patient64711_study1_view1_frontal,0.08906535804271698,0.21912731619844592,0.21912731619844592,0.07629145408163265,0.1564391470341745,0.18988095238095237,0.2190934065934066,0.16591539528432733,0.219435736677116,0.07629145408163265,0.07629145408163265
patient64712_study1_view1_frontal,0.023151220753788948,0.16235422740524783,0.18080357142857142,0.07102997448979592,0.07102997448979592,0.14869826435246997,0.18500830564784054,0.14333976833976833,0.1787720706260032,0.07102997448979592,0.07102997448979592
patient64717_study1_view1_frontal,0.14751088619232178,0.41222459132906897,0.4289389067524116,0.11443718112244898,0.20605263157894738,0.149906015037594,0.41811218742960127,0.14401083467094702,0.40351519589893814,0.11443718112244898,0.13012146482958667
patient64719_study1_view1_frontal,0.18061529099941254,0.10777310924369748,0.1420265780730897,0.08179209183673469,0.18703855619360132,0.08179209183673469,0.09903474903474903,0.08179209183673469,0.1281218781218781,0.08179209183673469,0.11326378539493294
patient64722_study1_view1_frontal,0.025761820375919342,0.1856952887537994,0.2098304898787646,0.07792570153061225,0.13124328678839958,0.15725546975546975,0.2078018707482993,0.15311716791979949,0.21030550774526677,0.07792570153061225,0.08951465201465202
patient64729_study1_view1_frontal,0.13595274090766907,0.4191937210132001,0.4239450441609421,0.09279336734693877,0.11612130885873903,0.34794335805799054,0.4291497975708502,0.3333333333333333,0.4291497975708502,0.09279336734693877,0.09279336734693877
patient64732_study1_view1_frontal,0.04508402571082115,0.0,0.08680555555555555,0.07672991071428571,0.20402755696873343,0.07672991071428571,0.08550995024875623,0.07672991071428571,0.08680555555555555,0.07672991071428571,0.0971045197740113
patient64738_study1_view1_frontal,0.05435730889439583,0.12546306384833297,0.13751809845559845,0.09086017219387756,0.19832324690466938,0.09086017219387756,0.09086017219387756,0.09086017219387756,0.1384535957240039,0.09086017219387756,0.12486305872042068
