seed,fold,i,raw45,prior45,zs45,adapt45,gated45,oracle45,pick,choice,margin,delta,best_ep
42,0,0,0.08007518796992481,0.0,0.01601840989080408,0.0784241531664212,0.08007518796992481,0.08007518796992481,0,0,0.0,0.0,5
42,0,3,0.0,0.0,0.0,0.0,0.0,0.0,0,0,0.0,0.0,5
42,0,9,0.04639355742296919,0.0,0.0,0.04763902205177373,0.04763902205177373,0.04763902205177373,2,2,0.2682207226753235,0.0,5
42,0,15,0.10540674603174603,0.0,0.12743203624733476,0.1073955525606469,0.1073955525606469,0.1073955525606469,2,2,0.2809707522392273,0.0,5
42,0,17,0.4060113728675873,0.0,0.10612244897959183,0.3951612903225806,0.4060113728675873,0.4060113728675873,0,0,0.0,0.0,5
42,0,21,0.12985548600883653,0.0,0.0,0.12985548600883653,0.12985548600883653,0.12985548600883653,0,0,0.0,0.0,5
42,0,29,0.24143692564745195,0.0,0.03007518796992481,0.24143692564745195,0.24143692564745195,0.24143692564745195,0,0,0.0,0.0,5
42,0,36,0.09982253771073647,0.0,0.10786193672099713,0.10044642857142858,0.09982253771073647,0.10044642857142858,0,0,0.0,0.0,5
42,0,41,0.07198660714285714,0.0,0.0,0.07243935309973046,0.07198660714285714,0.07243935309973046,0,0,0.0,0.0,5
42,0,51,0.07158251231527094,0.0,0.07883137432188066,0.07241486710963455,0.07158251231527094,0.07241486710963455,0,0,0.0,0.0,5
42,0,53,0.0,0.0,0.0,0.0,0.0,0.0,0,0,0.0,0.0,5
42,0,56,0.1829166434656718,0.0,0.0,0.18733509234828497,0.1829166434656718,0.18733509234828497,0,0,0.0,0.0,5
42,0,58,0.16235422740524783,0.0,0.0,0.16235422740524783,0.16235422740524783,0.16235422740524783,0,0,0.0,0.0,5
42,1,5,0.06780660377358491,0.0,0.06832271396590323,0.06823575949367089,0.06780660377358491,0.06823575949367089,0,0,0.0,0.0,5
42,1,6,0.0,0.0,0.0,0.0,0.0,0.0,0,0,0.0,0.0,5
42,1,27,0.4649990666417771,0.519716252868767,0.6366042345276873,0.49064802569431326,0.4649990666417771,0.519716252868767,0,0,0.0,0.0,5
42,1,33,0.18700475435816163,0.0,0.04051260851591567,0.18832063837504534,0.18700475435816163,0.18832063837504534,0,0,0.0,0.0,5
42,1,34,0.0,0.0,0.0,0.0,0.0,0.0,0,0,0.0,0.0,5
42,1,37,0.11010009099181074,0.0,0.12003968253968254,0.1108058608058608,0.11010009099181074,0.1108058608058608,0,0,0.0,0.0,5
42,1,42,0.6688654353562006,0.0,0.17911010558069382,0.7044112539076068,0.6688654353562006,0.7044112539076068,0,0,0.0,0.0,5
42,1,43,0.45168067226890757,0.0,0.15946013496625844,0.44231098919938283,0.45168067226890757,0.45168067226890757,0,0,0.0,0.0,5
42,1,46,0.13397947548460662,0.0,0.0,0.1297415529845162,0.13397947548460662,0.13397947548460662,0,0,0.0,0.0,5
42,1,47,0.4063807531380753,0.3593582887700535,0.4217791411042945,0.41291010936249667,0.4063807531380753,0.41291010936249667,0,0,0.0,0.0,5
42,1,59,0.4104101703046294,0.4430512016718913,0.5555555555555556,0.3881595881595882,0.4104101703046294,0.4430512016718913,0,0,0.0,0.0,5
42,1,60,0.10777310924369748,0.0,0.1712283044058745,0.1090561224489796,0.10777310924369748,0.1090561224489796,0,0,0.0,0.0,5
42,1,61,0.1876920122887865,0.0,0.21511725999662562,0.1876920122887865,0.1876920122887865,0.1876920122887865,0,0,0.0,0.0,5
42,2,1,0.07399952168367346,0.0,0.0,0.07399952168367346,0.07399952168367346,0.07399952168367346,0,0,0.0,0.0,5
42,2,14,0.09236959586466166,0.49144542772861355,0.3318460680423871,0.09360119047619048,0.09236959586466166,0.49144542772861355,0,0,0.0,0.0,5
42,2,18,0.0656725888324873,0.05849426252448923,0.07227653631284917,0.06600765306122448,0.0656725888324873,0.06600765306122448,0,0,0.0,0.0,5
42,2,20,0.07996323529411764,0.0,0.0,0.08469945355191257,0.07996323529411764,0.08469945355191257,0,0,0.0,0.0,5
42,2,22,0.05488679846938776,0.0,0.05488679846938776,0.05488679846938776,0.05488679846938776,0.05488679846938776,0,0,0.0,0.0,5
42,2,23,0.3375886524822695,0.0,0.0425531914893617,0.2950354609929078,0.3375886524822695,0.3375886524822695,0,0,0.0,0.0,5
42,2,30,0.34865702479338845,0.0,0.13502645502645502,0.3640292553191489,0.34865702479338845,0.3640292553191489,0,0,0.0,0.0,5
42,2,31,0.5556822500950209,0.5468418821534549,0.5655639697090474,0.5382245330252262,0.5556822500950209,0.5556822500950209,0,0,0.0,0.0,5
42,2,38,0.10446428571428572,0.0,0.12627551020408162,0.1073931909212283,0.10446428571428572,0.1073931909212283,0,0,0.0,0.0,5
42,2,49,0.2727272727272727,0.2727272727272727,0.34220532319391633,0.28,0.2727272727272727,0.28,0,0,0.0,0.0,5
42,2,50,0.2438070404172099,0.0,0.0625,0.24015878266622562,0.2438070404172099,0.2438070404172099,0,0,0.0,0.0,5
42,2,54,0.2873066205438647,0.0,0.21214502188797846,0.2835482918184503,0.2873066205438647,0.2873066205438647,0,0,0.0,0.0,5
42,2,62,0.4070061394005056,0.38310450038138827,0.44144144144144143,0.38731617647058825,0.4070061394005056,0.4070061394005056,0,0,0.0,0.0,5
42,3,4,0.5358851674641149,0.5382262996941896,0.6031746031746031,0.5563583815028902,0.5358851674641149,0.5563583815028902,0,0,0.0,0.2,5
42,3,10,0.46256092157731504,0.0,0.06567901234567901,0.4357492218763895,0.46256092157731504,0.46256092157731504,0,0,0.0,0.2,5
42,3,11,0.05619477172312224,0.0,0.0,0.05619477172312224,0.05619477172312224,0.05619477172312224,0,0,0.0,0.2,5
42,3,13,0.10643612852664577,0.0,0.1128046733364668,0.10643612852664577,0.10643612852664577,0.10643612852664577,0,0,0.0,0.2,5
42,3,19,0.06427375637755102,0.0,0.0,0.06427375637755102,0.06427375637755102,0.06427375637755102,0,0,0.0,0.2,5
42,3,24,0.04611549646863315,0.0,0.024188276312922204,0.04611549646863315,0.04611549646863315,0.04611549646863315,0,0,0.0,0.2,5
42,3,25,0.07672709235209235,0.2115702479338843,0.0839335043409629,0.07672709235209235,0.07672709235209235,0.2115702479338843,0,0,0.0,0.2,5
42,3,28,0.10047208538587848,0.0,0.0,0.10164036544850498,0.10047208538587848,0.10164036544850498,0,0,0.0,0.2,5
42,3,39,0.18371501272264631,0.1753846153846154,0.21122599704579026,0.22448979591836735,0.18371501272264631,0.22448979591836735,0,0,0.0,0.2,5
42,3,45,0.4294781382228491,0.0,0.07553107789142408,0.4148148148148148,0.4294781382228491,0.4294781382228491,0,0,0.0,0.2,5
42,3,57,0.2134049566597485,0.0,0.03396029258098224,0.21858196823808929,0.2134049566597485,0.21858196823808929,0,0,0.0,0.2,5
42,3,63,0.0,0.0,0.0,0.0,0.0,0.0,0,0,0.0,0.2,5
42,3,64,0.12430436938674307,0.0,0.0,0.12467547127215262,0.12430436938674307,0.12467547127215262,0,0,0.0,0.2,5
42,4,2,0.1524599542334096,0.0,0.1606886657101865,0.15741380634262458,0.1524599542334096,0.15741380634262458,0,0,0.0,0.0,5
42,4,7,0.043329532497149374,0.0,0.0,0.031596300027475044,0.043329532497149374,0.043329532497149374,0,0,0.0,0.0,5
42,4,8,0.13969025204980262,0.0,0.0,0.0,0.13969025204980262,0.13969025204980262,0,0,0.0,0.0,5
42,4,12,0.29473304473304474,0.0,0.03282828282828283,0.25252525252525254,0.29473304473304474,0.29473304473304474,0,0,0.0,0.0,5
42,4,16,0.16149119551321703,0.0,0.06998529864268864,0.10523293131988784,0.16149119551321703,0.16149119551321703,0,0,0.0,0.0,5
42,4,26,0.10009099181073704,0.0,0.09607721597449748,0.09841574651944311,0.10009099181073704,0.10009099181073704,0,0,0.0,0.0,5
42,4,32,0.08275462962962964,0.0,0.10004664179104478,0.08431603773584906,0.08275462962962964,0.08431603773584906,0,0,0.0,0.0,5
42,4,35,0.6540084388185654,0.0,0.14619164619164618,0.5798525798525799,0.6540084388185654,0.6540084388185654,0,0,0.0,0.0,5
42,4,40,0.3793103448275862,0.33647741701432976,0.3819864720541118,0.4104746317512275,0.4104746317512275,0.4104746317512275,2,2,0.6644225120544434,0.0,5
42,4,44,0.14612995839925003,0.0,0.018578352180936994,0.13382513976139704,0.14612995839925003,0.14612995839925003,0,0,0.0,0.0,5
42,4,48,0.15891614793116074,0.0,0.10762751520823584,0.15777060575968221,0.15891614793116074,0.15891614793116074,0,0,0.0,0.0,5
42,4,52,0.43779232927970063,0.19856303069888961,0.2079383886255924,0.37812681791739383,0.37812681791739383,0.43779232927970063,2,2,0.6024550199508667,0.0,5
42,4,55,0.4982775590551181,0.0,0.2684697767289889,0.4772111039380245,0.4982775590551181,0.4982775590551181,0,0,0.0,0.0,5
7,0,8,0.13969025204980262,0.0,0.0,0.0,0.13969025204980262,0.13969025204980262,0,0,0.0,0.0,15
7,0,17,0.4060113728675873,0.0,0.10612244897959183,0.20705009276437847,0.4060113728675873,0.4060113728675873,0,0,0.0,0.0,15
7,0,25,0.07672709235209235,0.2115702479338843,0.0839335043409629,0.0799577067669173,0.07672709235209235,0.2115702479338843,0,0,0.0,0.0,15
7,0,26,0.10009099181073704,0.0,0.09607721597449748,0.09509123618607042,0.10009099181073704,0.10009099181073704,0,0,0.0,0.0,15
7,0,29,0.24143692564745195,0.0,0.03007518796992481,0.1010860484544695,0.24143692564745195,0.24143692564745195,0,0,0.0,0.0,15
7,0,34,0.0,0.0,0.0,0.0,0.0,0.0,0,0,0.0,0.0,15
7,0,35,0.6540084388185654,0.0,0.14619164619164618,0.3108108108108108,0.6540084388185654,0.6540084388185654,0,0,0.0,0.0,15
7,0,36,0.09982253771073647,0.0,0.10786193672099713,0.10236578707916287,0.09982253771073647,0.10236578707916287,0,0,0.0,0.0,15
7,0,39,0.18371501272264631,0.1753846153846154,0.21122599704579026,0.22082717872968982,0.22082717872968982,0.22082717872968982,2,2,0.26854726672172546,0.0,15
7,0,44,0.14612995839925003,0.0,0.018578352180936994,0.13102219156030814,0.14612995839925003,0.14612995839925003,0,0,0.0,0.0,15
7,0,45,0.4294781382228491,0.0,0.07553107789142408,0.26540781536847624,0.4294781382228491,0.4294781382228491,0,0,0.0,0.0,15
7,0,51,0.07158251231527094,0.0,0.07883137432188066,0.07458297690333618,0.07158251231527094,0.07458297690333618,0,0,0.0,0.0,15
7,0,58,0.16235422740524783,0.0,0.0,0.1692629179331307,0.16235422740524783,0.1692629179331307,0,0,0.0,0.0,15
7,1,1,0.07399952168367346,0.0,0.0,0.07399952168367346,0.07399952168367346,0.07399952168367346,0,0,0.0,0.0,5
7,1,5,0.06780660377358491,0.0,0.06832271396590323,0.06696428571428571,0.06780660377358491,0.06780660377358491,0,0,0.0,0.0,5
7,1,6,0.0,0.0,0.0,0.0,0.0,0.0,0,0,0.0,0.0,5
7,1,7,0.043329532497149374,0.0,0.0,0.04397138370266969,0.043329532497149374,0.04397138370266969,0,0,0.0,0.0,5
7,1,12,0.29473304473304474,0.0,0.03282828282828283,0.29473304473304474,0.29473304473304474,0.29473304473304474,0,0,0.0,0.0,5
7,1,18,0.0656725888324873,0.05849426252448923,0.07227653631284917,0.0646875,0.0656725888324873,0.0656725888324873,0,0,0.0,0.0,5
7,1,38,0.10446428571428572,0.0,0.12627551020408162,0.10259885204081633,0.10446428571428572,0.10446428571428572,0,0,0.0,0.0,5
7,1,40,0.3793103448275862,0.33647741701432976,0.3819864720541118,0.3777424483306836,0.3793103448275862,0.3793103448275862,0,0,0.0,0.0,5
7,1,47,0.4063807531380753,0.3593582887700535,0.4217791411042945,0.4281956864807996,0.4063807531380753,0.4281956864807996,0,0,0.0,0.0,5
7,1,53,0.0,0.0,0.0,0.0,0.0,0.0,0,0,0.0,0.0,5
7,1,60,0.10777310924369748,0.0,0.1712283044058745,0.10651993355481727,0.10777310924369748,0.10777310924369748,0,0,0.0,0.0,5
7,1,62,0.4070061394005056,0.38310450038138827,0.44144144144144143,0.41553503530689845,0.4070061394005056,0.41553503530689845,0,0,0.0,0.0,5
7,1,64,0.12430436938674307,0.0,0.0,0.12276214833759591,0.12430436938674307,0.12430436938674307,0,0,0.0,0.0,5
7,2,4,0.5358851674641149,0.5382262996941896,0.6031746031746031,0.6179604261796042,0.5358851674641149,0.6179604261796042,0,0,0.0,0.0,5
7,2,9,0.04639355742296919,0.0,0.0,0.04763902205177373,0.04639355742296919,0.04763902205177373,0,0,0.0,0.0,5
7,2,13,0.10643612852664577,0.0,0.1128046733364668,0.10498842763579061,0.10643612852664577,0.10643612852664577,0,0,0.0,0.0,5
7,2,16,0.16149119551321703,0.0,0.06998529864268864,0.1041074830386685,0.16149119551321703,0.16149119551321703,0,0,0.0,0.0,5
7,2,19,0.06427375637755102,0.0,0.0,0.06427375637755102,0.06427375637755102,0.06427375637755102,0,0,0.0,0.0,5
7,2,21,0.12985548600883653,0.0,0.0,0.1318951009723261,0.12985548600883653,0.1318951009723261,0,0,0.0,0.0,5
7,2,24,0.04611549646863315,0.0,0.024188276312922204,0.04378088675436765,0.04611549646863315,0.04611549646863315,0,0,0.0,0.0,5
7,2,32,0.08275462962962964,0.0,0.10004664179104478,0.08431603773584906,0.08275462962962964,0.08431603773584906,0,0,0.0,0.0,5
7,2,33,0.18700475435816163,0.0,0.04051260851591567,0.18614718614718614,0.18700475435816163,0.18700475435816163,0,0,0.0,0.0,5
7,2,43,0.45168067226890757,0.0,0.15946013496625844,0.41805555555555557,0.45168067226890757,0.45168067226890757,0,0,0.0,0.0,5
7,2,48,0.15891614793116074,0.0,0.10762751520823584,0.15777060575968221,0.15891614793116074,0.15891614793116074,0,0,0.0,0.0,5
7,2,49,0.2727272727272727,0.2727272727272727,0.34220532319391633,0.35240847784200385,0.2727272727272727,0.35240847784200385,0,0,0.0,0.0,5
7,2,59,0.4104101703046294,0.4430512016718913,0.5555555555555556,0.4403948367501898,0.4104101703046294,0.4430512016718913,0,0,0.0,0.0,5
7,3,2,0.1524599542334096,0.0,0.1606886657101865,0.14443739871767772,0.1524599542334096,0.1524599542334096,0,2,0.07380419969558716,0.1,5
7,3,3,0.0,0.0,0.0,0.0,0.0,0.0,0,2,0.07362335920333862,0.1,5
7,3,10,0.46256092157731504,0.0,0.06567901234567901,0.4268292682926829,0.46256092157731504,0.46256092157731504,0,2,0.05312615633010864,0.1,5
7,3,23,0.3375886524822695,0.0,0.0425531914893617,0.2950354609929078,0.3375886524822695,0.3375886524822695,0,2,0.07849860191345215,0.1,5
7,3,27,0.4649990666417771,0.519716252868767,0.6366042345276873,0.4863334634908239,0.4863334634908239,0.519716252868767,2,2,0.316970556974411,0.1,5
7,3,28,0.10047208538587848,0.0,0.0,0.10047208538587848,0.10047208538587848,0.10047208538587848,0,2,0.077384352684021,0.1,5
7,3,30,0.34865702479338845,0.0,0.13502645502645502,0.3454356846473029,0.34865702479338845,0.34865702479338845,0,2,0.0760662853717804,0.1,5
7,3,41,0.07198660714285714,0.0,0.0,0.07243935309973046,0.07198660714285714,0.07243935309973046,0,2,0.08680960536003113,0.1,5
7,3,42,0.6688654353562006,0.0,0.17911010558069382,0.7146963708228531,0.6688654353562006,0.7146963708228531,0,2,0.07157173752784729,0.1,5
7,3,46,0.13397947548460662,0.0,0.0,0.12553760316168777,0.13397947548460662,0.13397947548460662,0,2,0.06351259350776672,0.1,5
7,3,55,0.4982775590551181,0.0,0.2684697767289889,0.4772111039380245,0.4982775590551181,0.4982775590551181,0,2,0.07017624378204346,0.1,5
7,3,57,0.2134049566597485,0.0,0.03396029258098224,0.20277676287906468,0.2134049566597485,0.2134049566597485,0,2,0.05182799696922302,0.1,5
7,3,61,0.1876920122887865,0.0,0.21511725999662562,0.1856952887537994,0.1876920122887865,0.1876920122887865,0,2,0.07513809204101562,0.1,5
7,4,0,0.08007518796992481,0.0,0.01601840989080408,0.07883049592894152,0.08007518796992481,0.08007518796992481,0,0,0.0,0.0,5
7,4,11,0.05619477172312224,0.0,0.0,0.05619477172312224,0.05619477172312224,0.05619477172312224,2,2,0.2861935794353485,0.0,5
7,4,14,0.09236959586466166,0.49144542772861355,0.3318460680423871,0.09236959586466166,0.09236959586466166,0.49144542772861355,2,2,0.193328857421875,0.0,5
7,4,15,0.10540674603174603,0.0,0.12743203624733476,0.10476007887817704,0.10476007887817704,0.10540674603174603,2,2,0.43984830379486084,0.0,5
7,4,20,0.07996323529411764,0.0,0.0,0.11139896373056994,0.11139896373056994,0.11139896373056994,2,2,0.5437905788421631,0.0,5
7,4,22,0.05488679846938776,0.0,0.05488679846938776,0.05488679846938776,0.05488679846938776,0.05488679846938776,0,0,0.0,0.0,5
7,4,31,0.5556822500950209,0.5468418821534549,0.5655639697090474,0.5471141434630279,0.5471141434630279,0.5556822500950209,2,2,0.12558063864707947,0.0,5
7,4,37,0.11010009099181074,0.0,0.12003968253968254,0.11010009099181074,0.11010009099181074,0.11010009099181074,0,0,0.0,0.0,5
7,4,50,0.2438070404172099,0.0,0.0625,0.2438070404172099,0.2438070404172099,0.2438070404172099,0,0,0.0,0.0,5
7,4,52,0.43779232927970063,0.19856303069888961,0.2079383886255924,0.4312796208530806,0.4312796208530806,0.43779232927970063,2,2,0.13521230220794678,0.0,5
7,4,54,0.2873066205438647,0.0,0.21214502188797846,0.2873066205438647,0.2873066205438647,0.2873066205438647,0,0,0.0,0.0,5
7,4,56,0.1829166434656718,0.0,0.0,0.18171257882509126,0.1829166434656718,0.1829166434656718,0,0,0.0,0.0,5
7,4,63,0.0,0.0,0.0,0.0,0.0,0.0,0,0,0.0,0.0,5
2024,0,1,0.07399952168367346,0.0,0.0,0.07399952168367346,0.07399952168367346,0.07399952168367346,0,0,0.0,0.0,5
2024,0,3,0.0,0.0,0.0,0.0,0.0,0.0,0,0,0.0,0.0,5
2024,0,9,0.04639355742296919,0.0,0.0,0.04669877819548872,0.04639355742296919,0.04669877819548872,0,0,0.0,0.0,5
2024,0,12,0.29473304473304474,0.0,0.03282828282828283,0.286976911976912,0.29473304473304474,0.29473304473304474,0,0,0.0,0.0,5
2024,0,13,0.10643612852664577,0.0,0.1128046733364668,0.10576782672183013,0.10643612852664577,0.10643612852664577,0,0,0.0,0.0,5
2024,0,14,0.09236959586466166,0.49144542772861355,0.3318460680423871,0.09298131504257331,0.09236959586466166,0.49144542772861355,0,0,0.0,0.0,5
2024,0,21,0.12985548600883653,0.0,0.0,0.12787799129804206,0.12985548600883653,0.12985548600883653,0,0,0.0,0.0,5
2024,0,35,0.6540084388185654,0.0,0.14619164619164618,0.6369778869778869,0.6540084388185654,0.6540084388185654,0,0,0.0,0.0,5
2024,0,43,0.45168067226890757,0.0,0.15946013496625844,0.43811591782194753,0.45168067226890757,0.45168067226890757,0,0,0.0,0.0,5
2024,0,53,0.0,0.0,0.0,0.0,0.0,0.0,0,0,0.0,0.0,5
2024,0,56,0.1829166434656718,0.0,0.0,0.1802403204272363,0.1829166434656718,0.1829166434656718,0,0,0.0,0.0,5
2024,0,58,0.16235422740524783,0.0,0.0,0.16235422740524783,0.16235422740524783,0.16235422740524783,0,0,0.0,0.0,5
2024,0,62,0.4070061394005056,0.38310450038138827,0.44144144144144143,0.4100877192982456,0.4070061394005056,0.4100877192982456,0,0,0.0,0.0,5
2024,1,4,0.5358851674641149,0.5382262996941896,0.6031746031746031,0.5516823279781752,0.5516823279781752,0.5516823279781752,2,2,0.18510225415229797,0.0,5
2024,1,5,0.06780660377358491,0.0,0.06832271396590323,0.06780660377358491,0.06780660377358491,0.06780660377358491,0,0,0.0,0.0,5
2024,1,24,0.04611549646863315,0.0,0.024188276312922204,0.048425983329889094,0.04611549646863315,0.048425983329889094,0,0,0.0,0.0,5
2024,1,26,0.10009099181073704,0.0,0.09607721597449748,0.10009099181073704,0.10009099181073704,0.10009099181073704,0,0,0.0,0.0,5
2024,1,27,0.4649990666417771,0.519716252868767,0.6366042345276873,0.4982488479262673,0.4982488479262673,0.519716252868767,2,2,0.06924322247505188,0.0,5
2024,1,28,0.10047208538587848,0.0,0.0,0.10047208538587848,0.10047208538587848,0.10047208538587848,0,0,0.0,0.0,5
2024,1,32,0.08275462962962964,0.0,0.10004664179104478,0.08224693251533742,0.08275462962962964,0.08275462962962964,0,0,0.0,0.0,5
2024,1,37,0.11010009099181074,0.0,0.12003968253968254,0.11010009099181074,0.11010009099181074,0.11010009099181074,0,0,0.0,0.0,5
2024,1,45,0.4294781382228491,0.0,0.07553107789142408,0.42962962962962964,0.4294781382228491,0.42962962962962964,0,0,0.0,0.0,5
2024,1,52,0.43779232927970063,0.19856303069888961,0.2079383886255924,0.4166172106824926,0.4166172106824926,0.43779232927970063,2,2,0.06009647250175476,0.0,5
2024,1,55,0.4982775590551181,0.0,0.2684697767289889,0.5032931527277246,0.4982775590551181,0.5032931527277246,0,0,0.0,0.0,5
2024,1,60,0.10777310924369748,0.0,0.1712283044058745,0.10714285714285714,0.10777310924369748,0.10777310924369748,0,0,0.0,0.0,5
2024,1,64,0.12430436938674307,0.0,0.0,0.12430436938674307,0.12430436938674307,0.12430436938674307,0,0,0.0,0.0,5
2024,2,2,0.1524599542334096,0.0,0.1606886657101865,0.14588788183954346,0.1524599542334096,0.1524599542334096,0,0,0.0,0.2,5
2024,2,8,0.13969025204980262,0.0,0.0,0.13539367181751288,0.13969025204980262,0.13969025204980262,0,0,0.0,0.2,5
2024,2,16,0.16149119551321703,0.0,0.06998529864268864,0.12222222222222222,0.16149119551321703,0.16149119551321703,0,0,0.0,0.2,5
2024,2,23,0.3375886524822695,0.0,0.0425531914893617,0.37446808510638296,0.3375886524822695,0.37446808510638296,0,0,0.0,0.2,5
2024,2,25,0.07672709235209235,0.2115702479338843,0.0839335043409629,0.07595982142857143,0.07672709235209235,0.2115702479338843,0,2,0.07827773690223694,0.2,5
2024,2,40,0.3793103448275862,0.33647741701432976,0.3819864720541118,0.38306814770339237,0.38306814770339237,0.38306814770339237,2,2,0.2751028537750244,0.2,5
2024,2,41,0.07198660714285714,0.0,0.0,0.0698051948051948,0.07198660714285714,0.07198660714285714,0,0,0.0,0.2,5
2024,2,44,0.14612995839925003,0.0,0.018578352180936994,0.1415736607142857,0.14612995839925003,0.14612995839925003,0,0,0.0,0.2,5
2024,2,46,0.13397947548460662,0.0,0.0,0.11454305154437319,0.13397947548460662,0.13397947548460662,0,0,0.0,0.2,5
2024,2,48,0.15891614793116074,0.0,0.10762751520823584,0.15630863039399626,0.15891614793116074,0.15891614793116074,0,0,0.0,0.2,5
2024,2,49,0.2727272727272727,0.2727272727272727,0.34220532319391633,0.31305201177625125,0.31305201177625125,0.31305201177625125,2,2,0.3028363585472107,0.2,5
2024,2,59,0.4104101703046294,0.4430512016718913,0.5555555555555556,0.41811218742960127,0.41811218742960127,0.4430512016718913,2,2,0.29765692353248596,0.2,5
2024,2,63,0.0,0.0,0.0,0.0,0.0,0.0,0,0,0.0,0.2,5
2024,3,0,0.08007518796992481,0.0,0.01601840989080408,0.08007518796992481,0.08007518796992481,0.08007518796992481,0,0,0.0,0.0,5
2024,3,6,0.0,0.0,0.0,0.0,0.0,0.0,0,0,0.0,0.0,5
2024,3,7,0.043329532497149374,0.0,0.0,0.0,0.043329532497149374,0.043329532497149374,0,0,0.0,0.0,5
2024,3,10,0.46256092157731504,0.0,0.06567901234567901,0.37648428405122236,0.46256092157731504,0.46256092157731504,0,0,0.0,0.0,5
2024,3,11,0.05619477172312224,0.0,0.0,0.0,0.05619477172312224,0.05619477172312224,0,0,0.0,0.0,5
2024,3,15,0.10540674603174603,0.0,0.12743203624733476,0.10876364877161056,0.10540674603174603,0.10876364877161056,0,0,0.0,0.0,5
2024,3,17,0.4060113728675873,0.0,0.10612244897959183,0.38735177865612647,0.4060113728675873,0.4060113728675873,0,0,0.0,0.0,5
2024,3,19,0.06427375637755102,0.0,0.0,0.06427375637755102,0.06427375637755102,0.06427375637755102,0,0,0.0,0.0,5
2024,3,20,0.07996323529411764,0.0,0.0,0.0,0.07996323529411764,0.07996323529411764,0,0,0.0,0.0,5
2024,3,33,0.18700475435816163,0.0,0.04051260851591567,0.18543046357615894,0.18700475435816163,0.18700475435816163,0,0,0.0,0.0,5
2024,3,39,0.18371501272264631,0.1753846153846154,0.21122599704579026,0.16216216216216217,0.18371501272264631,0.18371501272264631,0,0,0.0,0.0,5
2024,3,47,0.4063807531380753,0.3593582887700535,0.4217791411042945,0.3844041735310269,0.4063807531380753,0.4063807531380753,0,0,0.0,0.0,5
2024,3,61,0.1876920122887865,0.0,0.21511725999662562,0.19612760834670948,0.1876920122887865,0.19612760834670948,0,0,0.0,0.0,5
2024,4,18,0.0656725888324873,0.05849426252448923,0.07227653631284917,0.0656725888324873,0.0656725888324873,0.0656725888324873,0,0,0.0,0.0,50
2024,4,22,0.05488679846938776,0.0,0.05488679846938776,0.05488679846938776,0.05488679846938776,0.05488679846938776,0,0,0.0,0.0,50
2024,4,29,0.24143692564745195,0.0,0.03007518796992481,0.2706766917293233,0.24143692564745195,0.2706766917293233,0,0,0.0,0.0,50
2024,4,30,0.34865702479338845,0.0,0.13502645502645502,0.33185840707964603,0.34865702479338845,0.34865702479338845,0,0,0.0,0.0,50
2024,4,31,0.5556822500950209,0.5468418821534549,0.5655639697090474,0.6268656716417911,0.6268656716417911,0.6268656716417911,2,2,0.32073062658309937,0.0,50
2024,4,34,0.0,0.0,0.0,0.0,0.0,0.0,0,0,0.0,0.0,50
2024,4,36,0.09982253771073647,0.0,0.10786193672099713,0.0992063492063492,0.09982253771073647,0.09982253771073647,0,0,0.0,0.0,50
2024,4,38,0.10446428571428572,0.0,0.12627551020408162,0.10169089759797724,0.10446428571428572,0.10446428571428572,0,0,0.0,0.0,50
2024,4,42,0.6688654353562006,0.0,0.17911010558069382,0.6497956617415906,0.6688654353562006,0.6688654353562006,0,0,0.0,0.0,50
2024,4,50,0.2438070404172099,0.0,0.0625,0.2647058823529412,0.2438070404172099,0.2647058823529412,0,0,0.0,0.0,50
2024,4,51,0.07158251231527094,0.0,0.07883137432188066,0.07076907467532467,0.07158251231527094,0.07158251231527094,0,0,0.0,0.0,50
2024,4,54,0.2873066205438647,0.0,0.21214502188797846,0.2909670762592627,0.2873066205438647,0.2909670762592627,0,0,0.0,0.0,50
2024,4,57,0.2134049566597485,0.0,0.03396029258098224,0.2172901175001419,0.2134049566597485,0.2172901175001419,0,0,0.0,0.0,50
