variant,seed,best_ep,d_photo,photo_harm,d_ext
plain,42,10,0.00025798669114682204,0.0,0.3665488597496557
plain,7,5,-0.000697741305151961,0.0,0.33872120942775746
plain,2024,40,-0.035355737731496056,0.0,0.37134461935270624
dist1.0,42,25,-0.025574058938259925,0.0,0.37817653550806235
dist1.0,7,5,0.004739304571614256,0.0,0.3772144048196708
dist1.0,2024,5,-0.005555382217470012,0.0,0.35664021776778326
dist0.3,42,15,-0.01045010898874335,0.0,0.3657442800406567
dist0.3,7,10,-0.015174200161711532,0.0,0.3826008767985271
dist0.3,2024,45,-0.01877818635012435,0.0,0.3507543802850511
replaygt,42,40,-0.03029748264806198,0.0,0.36100503789470356
replaygt,7,5,-0.003262109899519111,0.0,0.349052275663882
replaygt,2024,5,-0.016054586014048217,0.0,0.37296449899966894
